Id,WorkId,WorkName,SpellNo,Stage,Character,Difficulty,Name,isSurvival,isIntegerWork,isFinal
1,th06,紅魔郷,1,1,ルーミア,Hard,月符「ムーンライトレイ」,FALSE,TRUE,FALSE
2,th06,紅魔郷,2,1,ルーミア,Lunatic,月符「ムーンライトレイ」,FALSE,TRUE,FALSE
3,th06,紅魔郷,3,1,ルーミア,Easy,夜符「ナイトバード」,FALSE,TRUE,FALSE
4,th06,紅魔郷,4,1,ルーミア,Normal,夜符「ナイトバード」,FALSE,TRUE,FALSE
5,th06,紅魔郷,5,1,ルーミア,Hard,夜符「ナイトバード」,FALSE,TRUE,FALSE
6,th06,紅魔郷,6,1,ルーミア,Lunatic,夜符「ナイトバード」,FALSE,TRUE,FALSE
7,th06,紅魔郷,7,1,ルーミア,Easy,闇符「ディマーケイション」,FALSE,TRUE,FALSE
8,th06,紅魔郷,8,1,ルーミア,Normal,闇符「ディマーケイション」,FALSE,TRUE,FALSE
9,th06,紅魔郷,9,1,ルーミア,Hard,闇符「ディマーケイション」,FALSE,TRUE,FALSE
10,th06,紅魔郷,10,1,ルーミア,Lunatic,闇符「ディマーケイション」,FALSE,TRUE,FALSE
11,th06,紅魔郷,11,2,チルノ,Easy,氷符「アイシクルフォール」,FALSE,TRUE,FALSE
12,th06,紅魔郷,12,2,チルノ,Normal,氷符「アイシクルフォール」,FALSE,TRUE,FALSE
13,th06,紅魔郷,13,2,チルノ,Hard,雹符「ヘイルストーム」,FALSE,TRUE,FALSE
14,th06,紅魔郷,14,2,チルノ,Lunatic,雹符「ヘイルストーム」,FALSE,TRUE,FALSE
15,th06,紅魔郷,15,2,チルノ,Easy,凍符「パーフェクトフリーズ」,FALSE,TRUE,FALSE
16,th06,紅魔郷,16,2,チルノ,Normal,凍符「パーフェクトフリーズ」,FALSE,TRUE,FALSE
17,th06,紅魔郷,17,2,チルノ,Hard,凍符「パーフェクトフリーズ」,FALSE,TRUE,FALSE
18,th06,紅魔郷,18,2,チルノ,Lunatic,凍符「パーフェクトフリーズ」,FALSE,TRUE,FALSE
19,th06,紅魔郷,19,2,チルノ,Normal,雪符「ダイアモンドブリザード」,FALSE,TRUE,FALSE
20,th06,紅魔郷,20,2,チルノ,Hard,雪符「ダイアモンドブリザード」,FALSE,TRUE,FALSE
21,th06,紅魔郷,21,2,チルノ,Lunatic,雪符「ダイアモンドブリザード」,FALSE,TRUE,FALSE
22,th06,紅魔郷,22,3,紅美鈴,Easy,華符「芳華絢爛」,FALSE,TRUE,FALSE
23,th06,紅魔郷,23,3,紅美鈴,Normal,華符「芳華絢爛」,FALSE,TRUE,FALSE
24,th06,紅魔郷,24,3,紅美鈴,Hard,華符「セラギネラ９」,FALSE,TRUE,FALSE
25,th06,紅魔郷,25,3,紅美鈴,Lunatic,華符「セラギネラ９」,FALSE,TRUE,FALSE
26,th06,紅魔郷,26,3,紅美鈴,Easy,虹符「彩虹の風鈴」,FALSE,TRUE,FALSE
27,th06,紅魔郷,27,3,紅美鈴,Normal,虹符「彩虹の風鈴」,FALSE,TRUE,FALSE
28,th06,紅魔郷,28,3,紅美鈴,Hard,虹符「彩虹の風鈴」,FALSE,TRUE,FALSE
29,th06,紅魔郷,29,3,紅美鈴,Lunatic,虹符「彩虹の風鈴」,FALSE,TRUE,FALSE
30,th06,紅魔郷,30,3,紅美鈴,Hard,幻符「華想夢葛」,FALSE,TRUE,FALSE
31,th06,紅魔郷,31,3,紅美鈴,Lunatic,幻符「華想夢葛」,FALSE,TRUE,FALSE
32,th06,紅魔郷,32,3,紅美鈴,Easy,彩符「彩雨」,FALSE,TRUE,FALSE
33,th06,紅魔郷,33,3,紅美鈴,Normal,彩符「彩雨」,FALSE,TRUE,FALSE
34,th06,紅魔郷,34,3,紅美鈴,Hard,彩符「彩光乱舞」,FALSE,TRUE,FALSE
35,th06,紅魔郷,35,3,紅美鈴,Lunatic,彩符「彩光乱舞」,FALSE,TRUE,FALSE
36,th06,紅魔郷,36,3,紅美鈴,Normal,彩符「極彩颱風」,FALSE,TRUE,FALSE
37,th06,紅魔郷,37,3,紅美鈴,Hard,彩符「極彩颱風」,FALSE,TRUE,FALSE
38,th06,紅魔郷,38,3,紅美鈴,Lunatic,彩符「極彩颱風」,FALSE,TRUE,FALSE
39,th06,紅魔郷,39,4,パチュリー・ノーレッジ,Easy,火符「アグニシャイン」,FALSE,TRUE,FALSE
40,th06,紅魔郷,40,4,パチュリー・ノーレッジ,Normal,火符「アグニシャイン」,FALSE,TRUE,FALSE
41,th06,紅魔郷,41,4,パチュリー・ノーレッジ,Easy,水符「プリンセスウンディネ」,FALSE,TRUE,FALSE
42,th06,紅魔郷,42,4,パチュリー・ノーレッジ,Normal,水符「プリンセスウンディネ」,FALSE,TRUE,FALSE
43,th06,紅魔郷,43,4,パチュリー・ノーレッジ,Easy,木符「シルフィホルン」,FALSE,TRUE,FALSE
44,th06,紅魔郷,44,4,パチュリー・ノーレッジ,Normal,木符「シルフィホルン」,FALSE,TRUE,FALSE
45,th06,紅魔郷,45,4,パチュリー・ノーレッジ,Easy,土符「レイジィトリリトン」,FALSE,TRUE,FALSE
46,th06,紅魔郷,46,4,パチュリー・ノーレッジ,Normal,土符「レイジィトリリトン」,FALSE,TRUE,FALSE
47,th06,紅魔郷,47,4,パチュリー・ノーレッジ,Normal,金符「メタルファティーグ」,FALSE,TRUE,FALSE
48,th06,紅魔郷,48,4,パチュリー・ノーレッジ,Normal,火符「アグニシャイン上級」,FALSE,TRUE,FALSE
49,th06,紅魔郷,49,4,パチュリー・ノーレッジ,Hard,火符「アグニシャイン上級」,FALSE,TRUE,FALSE
50,th06,紅魔郷,50,4,パチュリー・ノーレッジ,Lunatic,火符「アグニシャイン上級」,FALSE,TRUE,FALSE
51,th06,紅魔郷,51,4,パチュリー・ノーレッジ,Normal,木符「シルフィホルン上級」,FALSE,TRUE,FALSE
52,th06,紅魔郷,52,4,パチュリー・ノーレッジ,Hard,木符「シルフィホルン上級」,FALSE,TRUE,FALSE
53,th06,紅魔郷,53,4,パチュリー・ノーレッジ,Lunatic,木符「シルフィホルン上級」,FALSE,TRUE,FALSE
54,th06,紅魔郷,54,4,パチュリー・ノーレッジ,Normal,土符「レイジィトリリトン上級」,FALSE,TRUE,FALSE
55,th06,紅魔郷,55,4,パチュリー・ノーレッジ,Hard,土符「レイジィトリリトン上級」,FALSE,TRUE,FALSE
56,th06,紅魔郷,56,4,パチュリー・ノーレッジ,Lunatic,土符「レイジィトリリトン上級」,FALSE,TRUE,FALSE
57,th06,紅魔郷,57,4,パチュリー・ノーレッジ,Hard,火符「アグニレイディアンス」,FALSE,TRUE,FALSE
58,th06,紅魔郷,58,4,パチュリー・ノーレッジ,Lunatic,火符「アグニレイディアンス」,FALSE,TRUE,FALSE
59,th06,紅魔郷,59,4,パチュリー・ノーレッジ,Hard,水符「ベリーインレイク」,FALSE,TRUE,FALSE
60,th06,紅魔郷,60,4,パチュリー・ノーレッジ,Lunatic,水符「ベリーインレイク」,FALSE,TRUE,FALSE
61,th06,紅魔郷,61,4,パチュリー・ノーレッジ,Hard,木符「グリーンストーム」,FALSE,TRUE,FALSE
62,th06,紅魔郷,62,4,パチュリー・ノーレッジ,Lunatic,木符「グリーンストーム」,FALSE,TRUE,FALSE
63,th06,紅魔郷,63,4,パチュリー・ノーレッジ,Hard,土符「トリリトンシェイク」,FALSE,TRUE,FALSE
64,th06,紅魔郷,64,4,パチュリー・ノーレッジ,Lunatic,土符「トリリトンシェイク」,FALSE,TRUE,FALSE
65,th06,紅魔郷,65,4,パチュリー・ノーレッジ,Hard,金符「シルバードラゴン」,FALSE,TRUE,FALSE
66,th06,紅魔郷,66,4,パチュリー・ノーレッジ,Lunatic,金符「シルバードラゴン」,FALSE,TRUE,FALSE
67,th06,紅魔郷,67,4,パチュリー・ノーレッジ,Easy,火＆土符「ラーヴァクロムレク」,FALSE,TRUE,FALSE
68,th06,紅魔郷,68,4,パチュリー・ノーレッジ,Normal,火＆土符「ラーヴァクロムレク」,FALSE,TRUE,FALSE
69,th06,紅魔郷,69,4,パチュリー・ノーレッジ,Hard,火＆土符「ラーヴァクロムレク」,FALSE,TRUE,FALSE
70,th06,紅魔郷,70,4,パチュリー・ノーレッジ,Lunatic,火＆土符「ラーヴァクロムレク」,FALSE,TRUE,FALSE
71,th06,紅魔郷,71,4,パチュリー・ノーレッジ,Easy,木＆火符「フォレストブレイズ」,FALSE,TRUE,FALSE
72,th06,紅魔郷,72,4,パチュリー・ノーレッジ,Normal,木＆火符「フォレストブレイズ」,FALSE,TRUE,FALSE
73,th06,紅魔郷,73,4,パチュリー・ノーレッジ,Hard,木＆火符「フォレストブレイズ」,FALSE,TRUE,FALSE
74,th06,紅魔郷,74,4,パチュリー・ノーレッジ,Lunatic,木＆火符「フォレストブレイズ」,FALSE,TRUE,FALSE
75,th06,紅魔郷,75,4,パチュリー・ノーレッジ,Easy,水＆木符「ウォーターエルフ」,FALSE,TRUE,FALSE
76,th06,紅魔郷,76,4,パチュリー・ノーレッジ,Normal,水＆木符「ウォーターエルフ」,FALSE,TRUE,FALSE
77,th06,紅魔郷,77,4,パチュリー・ノーレッジ,Hard,水＆木符「ウォーターエルフ」,FALSE,TRUE,FALSE
78,th06,紅魔郷,78,4,パチュリー・ノーレッジ,Lunatic,水＆木符「ウォーターエルフ」,FALSE,TRUE,FALSE
79,th06,紅魔郷,79,4,パチュリー・ノーレッジ,Normal,金＆水符「マーキュリポイズン」,FALSE,TRUE,FALSE
80,th06,紅魔郷,80,4,パチュリー・ノーレッジ,Hard,金＆水符「マーキュリポイズン」,FALSE,TRUE,FALSE
81,th06,紅魔郷,81,4,パチュリー・ノーレッジ,Lunatic,金＆水符「マーキュリポイズン」,FALSE,TRUE,FALSE
82,th06,紅魔郷,82,4,パチュリー・ノーレッジ,Easy,土＆金符「エメラルドメガリス」,FALSE,TRUE,FALSE
83,th06,紅魔郷,83,4,パチュリー・ノーレッジ,Normal,土＆金符「エメラルドメガリス」,FALSE,TRUE,FALSE
84,th06,紅魔郷,84,4,パチュリー・ノーレッジ,Hard,土＆金符「エメラルドメガリス」,FALSE,TRUE,FALSE
85,th06,紅魔郷,85,4,パチュリー・ノーレッジ,Lunatic,土＆金符「エメラルドメガリス」,FALSE,TRUE,FALSE
86,th06,紅魔郷,86,5,十六夜咲夜,Easy,奇術「ミスディレクション」,FALSE,TRUE,FALSE
87,th06,紅魔郷,87,5,十六夜咲夜,Normal,奇術「ミスディレクション」,FALSE,TRUE,FALSE
88,th06,紅魔郷,88,5,十六夜咲夜,Hard,奇術「幻惑ミスディレクション」,FALSE,TRUE,FALSE
89,th06,紅魔郷,89,5,十六夜咲夜,Lunatic,奇術「幻惑ミスディレクション」,FALSE,TRUE,FALSE
90,th06,紅魔郷,90,5,十六夜咲夜,Easy,幻在「クロックコープス」,FALSE,TRUE,FALSE
91,th06,紅魔郷,91,5,十六夜咲夜,Normal,幻在「クロックコープス」,FALSE,TRUE,FALSE
92,th06,紅魔郷,92,5,十六夜咲夜,Easy,幻象「ルナクロック」,FALSE,TRUE,FALSE
93,th06,紅魔郷,93,5,十六夜咲夜,Normal,幻象「ルナクロック」,FALSE,TRUE,FALSE
94,th06,紅魔郷,94,5,十六夜咲夜,Easy,メイド秘技「操りドール」,FALSE,TRUE,FALSE
95,th06,紅魔郷,95,5,十六夜咲夜,Normal,メイド秘技「操りドール」,FALSE,TRUE,FALSE
96,th06,紅魔郷,96,5,十六夜咲夜,Hard,幻幽「ジャック・ザ・ルドビレ」,FALSE,TRUE,FALSE
97,th06,紅魔郷,97,5,十六夜咲夜,Lunatic,幻幽「ジャック・ザ・ルドビレ」,FALSE,TRUE,FALSE
98,th06,紅魔郷,98,5,十六夜咲夜,Hard,幻世「ザ・ワールド」,FALSE,TRUE,FALSE
99,th06,紅魔郷,99,5,十六夜咲夜,Lunatic,幻世「ザ・ワールド」,FALSE,TRUE,FALSE
100,th06,紅魔郷,100,5,十六夜咲夜,Hard,メイド秘技「殺人ドール」,FALSE,TRUE,FALSE
101,th06,紅魔郷,101,5,十六夜咲夜,Lunatic,メイド秘技「殺人ドール」,FALSE,TRUE,FALSE
102,th06,紅魔郷,102,6,十六夜咲夜,Normal,奇術「エターナルミーク」,FALSE,TRUE,FALSE
103,th06,紅魔郷,103,6,十六夜咲夜,Hard,奇術「エターナルミーク」,FALSE,TRUE,FALSE
104,th06,紅魔郷,104,6,十六夜咲夜,Lunatic,奇術「エターナルミーク」,FALSE,TRUE,FALSE
105,th06,紅魔郷,105,6,レミリア・スカーレット,Normal,天罰「スターオブダビデ」,FALSE,TRUE,FALSE
106,th06,紅魔郷,106,6,レミリア・スカーレット,Normal,冥符「紅色の冥界」,FALSE,TRUE,FALSE
107,th06,紅魔郷,107,6,レミリア・スカーレット,Normal,呪詛「ブラド・ツェペシュの呪い」,FALSE,TRUE,FALSE
108,th06,紅魔郷,108,6,レミリア・スカーレット,Normal,紅符「スカーレットシュート」,FALSE,TRUE,FALSE
109,th06,紅魔郷,109,6,レミリア・スカーレット,Normal,「レッドマジック」,FALSE,TRUE,FALSE
110,th06,紅魔郷,110,6,レミリア・スカーレット,Hard,神罰「幼きデーモンロード」,FALSE,TRUE,FALSE
111,th06,紅魔郷,111,6,レミリア・スカーレット,Lunatic,神罰「幼きデーモンロード」,FALSE,TRUE,FALSE
112,th06,紅魔郷,112,6,レミリア・スカーレット,Hard,獄符「千本の針の山」,FALSE,TRUE,FALSE
113,th06,紅魔郷,113,6,レミリア・スカーレット,Lunatic,獄符「千本の針の山」,FALSE,TRUE,FALSE
114,th06,紅魔郷,114,6,レミリア・スカーレット,Hard,神術「吸血鬼幻想」,FALSE,TRUE,FALSE
115,th06,紅魔郷,115,6,レミリア・スカーレット,Lunatic,神術「吸血鬼幻想」,FALSE,TRUE,FALSE
116,th06,紅魔郷,116,6,レミリア・スカーレット,Hard,紅符「スカーレットマイスタ」,FALSE,TRUE,FALSE
117,th06,紅魔郷,117,6,レミリア・スカーレット,Lunatic,紅符「スカーレットマイスタ」,FALSE,TRUE,FALSE
118,th06,紅魔郷,118,6,レミリア・スカーレット,Hard,「紅色の幻想郷」,FALSE,TRUE,FALSE
119,th06,紅魔郷,119,6,レミリア・スカーレット,Lunatic,「紅色の幻想郷」,FALSE,TRUE,FALSE
120,th06,紅魔郷,120,Ex,パチュリー・ノーレッジ,Ex,月符「サイレントセレナ」,FALSE,TRUE,FALSE
121,th06,紅魔郷,121,Ex,パチュリー・ノーレッジ,Ex,日符「ロイヤルフレア」,FALSE,TRUE,FALSE
122,th06,紅魔郷,122,Ex,パチュリー・ノーレッジ,Ex,火水木金土符「賢者の石」,FALSE,TRUE,FALSE
123,th06,紅魔郷,123,Ex,フランドール・スカーレット,Ex,禁忌「クランベリートラップ」,FALSE,TRUE,FALSE
124,th06,紅魔郷,124,Ex,フランドール・スカーレット,Ex,禁忌「レーヴァテイン」,FALSE,TRUE,FALSE
125,th06,紅魔郷,125,Ex,フランドール・スカーレット,Ex,禁忌「フォーオブアカインド」,FALSE,TRUE,FALSE
126,th06,紅魔郷,126,Ex,フランドール・スカーレット,Ex,禁忌「カゴメカゴメ」,FALSE,TRUE,FALSE
127,th06,紅魔郷,127,Ex,フランドール・スカーレット,Ex,禁忌「恋の迷路」,FALSE,TRUE,FALSE
128,th06,紅魔郷,128,Ex,フランドール・スカーレット,Ex,禁弾「スターボウブレイク」,FALSE,TRUE,FALSE
129,th06,紅魔郷,129,Ex,フランドール・スカーレット,Ex,禁弾「カタディオプトリック」,FALSE,TRUE,FALSE
130,th06,紅魔郷,130,Ex,フランドール・スカーレット,Ex,禁弾「過去を刻む時計」,FALSE,TRUE,FALSE
131,th06,紅魔郷,131,Ex,フランドール・スカーレット,Ex,秘弾「そして誰もいなくなるか？」,TRUE,TRUE,FALSE
132,th06,紅魔郷,132,Ex,フランドール・スカーレット,Ex,ＱＥＤ「４９５年の波紋」,FALSE,TRUE,FALSE
133,th07,妖々夢,1,1,チルノ,Hard,霜符「フロストコラムス」,FALSE,TRUE,FALSE
134,th07,妖々夢,2,1,チルノ,Lunatic,霜符「フロストコラムス -Lunatic-」,FALSE,TRUE,FALSE
135,th07,妖々夢,3,1,レティ・ホワイトロック,Easy,寒符「リンガリングコールド -Easy-」,FALSE,TRUE,FALSE
136,th07,妖々夢,4,1,レティ・ホワイトロック,Normal,寒符「リンガリングコールド」,FALSE,TRUE,FALSE
137,th07,妖々夢,5,1,レティ・ホワイトロック,Hard,寒符「リンガリングコールド -Hard-」,FALSE,TRUE,FALSE
138,th07,妖々夢,6,1,レティ・ホワイトロック,Lunatic,寒符「リンガリングコールド -Lunatic-」,FALSE,TRUE,FALSE
139,th07,妖々夢,7,1,レティ・ホワイトロック,Easy,冬符「フラワーウィザラウェイ -Easy-」,FALSE,TRUE,FALSE
140,th07,妖々夢,8,1,レティ・ホワイトロック,Normal,冬符「フラワーウィザラウェイ」,FALSE,TRUE,FALSE
141,th07,妖々夢,9,1,レティ・ホワイトロック,Hard,白符「アンデュレイションレイ」,FALSE,TRUE,FALSE
142,th07,妖々夢,10,1,レティ・ホワイトロック,Lunatic,怪符「テーブルターニング」,FALSE,TRUE,FALSE
143,th07,妖々夢,11,2,橙,Easy,仙符「鳳凰卵 -Easy-」,FALSE,TRUE,FALSE
144,th07,妖々夢,12,2,橙,Normal,仙符「鳳凰卵」,FALSE,TRUE,FALSE
145,th07,妖々夢,13,2,橙,Hard,仙符「鳳凰展翅」,FALSE,TRUE,FALSE
146,th07,妖々夢,14,2,橙,Lunatic,仙符「鳳凰展翅 -Lunatic-」,FALSE,TRUE,FALSE
147,th07,妖々夢,15,2,橙,Easy,式符「飛翔晴明 -Easy-」,FALSE,TRUE,FALSE
148,th07,妖々夢,16,2,橙,Normal,式符「飛翔晴明」,FALSE,TRUE,FALSE
149,th07,妖々夢,17,2,橙,Hard,陰陽「道満晴明」,FALSE,TRUE,FALSE
150,th07,妖々夢,18,2,橙,Lunatic,陰陽「晴明大紋」,FALSE,TRUE,FALSE
151,th07,妖々夢,19,2,橙,Easy,天符「天仙鳴動 -Easy-」,FALSE,TRUE,FALSE
152,th07,妖々夢,20,2,橙,Normal,天符「天仙鳴動」,FALSE,TRUE,FALSE
153,th07,妖々夢,21,2,橙,Hard,翔符「飛翔韋駄天」,FALSE,TRUE,FALSE
154,th07,妖々夢,22,2,橙,Lunatic,童符「護法天童乱舞」,FALSE,TRUE,FALSE
155,th07,妖々夢,23,2,橙,Easy,仙符「屍解永遠 -Easy-」,FALSE,TRUE,FALSE
156,th07,妖々夢,24,2,橙,Normal,仙符「屍解永遠」,FALSE,TRUE,FALSE
157,th07,妖々夢,25,2,橙,Hard,鬼符「鬼門金神」,FALSE,TRUE,FALSE
158,th07,妖々夢,26,2,橙,Lunatic,方符「奇門遁甲」,FALSE,TRUE,FALSE
159,th07,妖々夢,27,3,アリス・マーガトロイド,Hard,操符「乙女文楽」,FALSE,TRUE,FALSE
160,th07,妖々夢,28,3,アリス・マーガトロイド,Lunatic,操符「乙女文楽 -Lunatic-」,FALSE,TRUE,FALSE
161,th07,妖々夢,29,3,アリス・マーガトロイド,Easy,蒼符「博愛の仏蘭西人形 -Easy-」,FALSE,TRUE,FALSE
162,th07,妖々夢,30,3,アリス・マーガトロイド,Normal,蒼符「博愛の仏蘭西人形」,FALSE,TRUE,FALSE
163,th07,妖々夢,31,3,アリス・マーガトロイド,Hard,蒼符「博愛の仏蘭西人形 -Hard-」,FALSE,TRUE,FALSE
164,th07,妖々夢,32,3,アリス・マーガトロイド,Lunatic,蒼符「博愛のオルレアン人形」,FALSE,TRUE,FALSE
165,th07,妖々夢,33,3,アリス・マーガトロイド,Easy,紅符「紅毛の和蘭人形 -Easy-」,FALSE,TRUE,FALSE
166,th07,妖々夢,34,3,アリス・マーガトロイド,Normal,紅符「紅毛の和蘭人形」,FALSE,TRUE,FALSE
167,th07,妖々夢,35,3,アリス・マーガトロイド,Hard,白符「白亜の露西亜人形」,FALSE,TRUE,FALSE
168,th07,妖々夢,36,3,アリス・マーガトロイド,Lunatic,白符「白亜の露西亜人形 -Lunatic-」,FALSE,TRUE,FALSE
169,th07,妖々夢,37,3,アリス・マーガトロイド,Easy,闇符「霧の倫敦人形 -Easy-」,FALSE,TRUE,FALSE
170,th07,妖々夢,38,3,アリス・マーガトロイド,Normal,闇符「霧の倫敦人形」,FALSE,TRUE,FALSE
171,th07,妖々夢,39,3,アリス・マーガトロイド,Hard,廻符「輪廻の西蔵人形」,FALSE,TRUE,FALSE
172,th07,妖々夢,40,3,アリス・マーガトロイド,Lunatic,雅符「春の京人形」,FALSE,TRUE,FALSE
173,th07,妖々夢,41,3,アリス・マーガトロイド,Easy,咒詛「魔彩光の上海人形 -Easy-」,FALSE,TRUE,FALSE
174,th07,妖々夢,42,3,アリス・マーガトロイド,Normal,咒詛「魔彩光の上海人形」,FALSE,TRUE,FALSE
175,th07,妖々夢,43,3,アリス・マーガトロイド,Hard,咒詛「魔彩光の上海人形 -Hard-」,FALSE,TRUE,FALSE
176,th07,妖々夢,44,3,アリス・マーガトロイド,Lunatic,咒詛「首吊り蓬莱人形」,FALSE,TRUE,FALSE
177,th07,妖々夢,45,4,プリズムリバー三姉妹,Easy,騒符「ファントムディニング -Easy-」,FALSE,TRUE,FALSE
178,th07,妖々夢,46,4,プリズムリバー三姉妹,Normal,騒符「ファントムディニング」,FALSE,TRUE,FALSE
179,th07,妖々夢,47,4,プリズムリバー三姉妹,Hard,騒符「ライブポルターガイスト」,FALSE,TRUE,FALSE
180,th07,妖々夢,48,4,プリズムリバー三姉妹,Lunatic,騒符「ライブポルターガイスト -Lunatic-」,FALSE,TRUE,FALSE
181,th07,妖々夢,49,4,ルナサ・プリズムリバー,Easy,弦奏「グァルネリ・デル・ジェス -Easy-」,FALSE,TRUE,FALSE
182,th07,妖々夢,50,4,ルナサ・プリズムリバー,Normal,弦奏「グァルネリ・デル・ジェス」,FALSE,TRUE,FALSE
183,th07,妖々夢,51,4,ルナサ・プリズムリバー,Hard,神弦「ストラディヴァリウス」,FALSE,TRUE,FALSE
184,th07,妖々夢,52,4,ルナサ・プリズムリバー,Lunatic,偽弦「スードストラディヴァリウス」,FALSE,TRUE,FALSE
185,th07,妖々夢,53,4,メルラン・プリズムリバー,Easy,管霊「ヒノファンタズム -Easy-」,FALSE,TRUE,FALSE
186,th07,妖々夢,54,4,メルラン・プリズムリバー,Normal,管霊「ヒノファンタズム」,FALSE,TRUE,FALSE
187,th07,妖々夢,55,4,メルラン・プリズムリバー,Hard,冥管「ゴーストクリフォード」,FALSE,TRUE,FALSE
188,th07,妖々夢,56,4,メルラン・プリズムリバー,Lunatic,管霊「ゴーストクリフォード -Lunatic-」,FALSE,TRUE,FALSE
189,th07,妖々夢,57,4,リリカ・プリズムリバー,Easy,冥鍵「ファツィオーリ冥奏 -Easy-」,FALSE,TRUE,FALSE
190,th07,妖々夢,58,4,リリカ・プリズムリバー,Normal,冥鍵「ファツィオーリ冥奏」,FALSE,TRUE,FALSE
191,th07,妖々夢,59,4,リリカ・プリズムリバー,Hard,鍵霊「ベーゼンドルファー神奏」,FALSE,TRUE,FALSE
192,th07,妖々夢,60,4,リリカ・プリズムリバー,Lunatic,鍵霊「ベーゼンドルファー神奏 -Lunatic-」,FALSE,TRUE,FALSE
193,th07,妖々夢,61,4,プリズムリバー三姉妹,Easy,合葬「プリズムコンチェルト -Easy-」,FALSE,TRUE,FALSE
194,th07,妖々夢,62,4,プリズムリバー三姉妹,Normal,合葬「プリズムコンチェルト」,FALSE,TRUE,FALSE
195,th07,妖々夢,63,4,プリズムリバー三姉妹,Hard,騒葬「スティジャンリバーサイド」,FALSE,TRUE,FALSE
196,th07,妖々夢,64,4,プリズムリバー三姉妹,Lunatic,騒葬「スティジャンリバーサイド -Lunatic-」,FALSE,TRUE,FALSE
197,th07,妖々夢,65,4,プリズムリバー三姉妹,Easy,大合葬「霊車コンチェルトグロッソ -Easy-」,FALSE,TRUE,FALSE
198,th07,妖々夢,66,4,プリズムリバー三姉妹,Normal,大合葬「霊車コンチェルトグロッソ」,FALSE,TRUE,FALSE
199,th07,妖々夢,67,4,プリズムリバー三姉妹,Hard,大合葬「霊車コンチェルトグロッソ改」,FALSE,TRUE,FALSE
200,th07,妖々夢,68,4,プリズムリバー三姉妹,Lunatic,大合葬「霊車コンチェルトグロッソ怪」,FALSE,TRUE,FALSE
201,th07,妖々夢,69,5,魂魄妖夢,Easy,幽鬼剣「妖童餓鬼の断食 -Easy-」,FALSE,TRUE,FALSE
202,th07,妖々夢,70,5,魂魄妖夢,Normal,幽鬼剣「妖童餓鬼の断食」,FALSE,TRUE,FALSE
203,th07,妖々夢,71,5,魂魄妖夢,Hard,餓鬼剣「餓鬼道草紙」,FALSE,TRUE,FALSE
204,th07,妖々夢,72,5,魂魄妖夢,Lunatic,餓王剣「餓鬼十王の報い」,FALSE,TRUE,FALSE
205,th07,妖々夢,73,5,魂魄妖夢,Easy,獄界剣「二百由旬の一閃 -Easy-」,FALSE,TRUE,FALSE
206,th07,妖々夢,74,5,魂魄妖夢,Normal,獄界剣「二百由旬の一閃」,FALSE,TRUE,FALSE
207,th07,妖々夢,75,5,魂魄妖夢,Hard,獄炎剣「業風閃影陣」,FALSE,TRUE,FALSE
208,th07,妖々夢,76,5,魂魄妖夢,Lunatic,獄神剣「業風神閃斬」,FALSE,TRUE,FALSE
209,th07,妖々夢,77,5,魂魄妖夢,Easy,畜趣剣「無為無策の冥罰 -Easy-」,FALSE,TRUE,FALSE
210,th07,妖々夢,78,5,魂魄妖夢,Normal,畜趣剣「無為無策の冥罰」,FALSE,TRUE,FALSE
211,th07,妖々夢,79,5,魂魄妖夢,Hard,修羅剣「現世妄執」,FALSE,TRUE,FALSE
212,th07,妖々夢,80,5,魂魄妖夢,Lunatic,修羅剣「現世妄執 -Lunatic-」,FALSE,TRUE,FALSE
213,th07,妖々夢,81,5,魂魄妖夢,Easy,人界剣「悟入幻想 -Easy-」,FALSE,TRUE,FALSE
214,th07,妖々夢,82,5,魂魄妖夢,Normal,人界剣「悟入幻想」,FALSE,TRUE,FALSE
215,th07,妖々夢,83,5,魂魄妖夢,Hard,人世剣「大悟顕晦」,FALSE,TRUE,FALSE
216,th07,妖々夢,84,5,魂魄妖夢,Lunatic,人神剣「俗諦常住」,FALSE,TRUE,FALSE
217,th07,妖々夢,85,5,魂魄妖夢,Easy,天上剣「天人の五衰 -Easy-」,FALSE,TRUE,FALSE
218,th07,妖々夢,86,5,魂魄妖夢,Normal,天上剣「天人の五衰」,FALSE,TRUE,FALSE
219,th07,妖々夢,87,5,魂魄妖夢,Hard,天界剣「七魄忌諱」,FALSE,TRUE,FALSE
220,th07,妖々夢,88,5,魂魄妖夢,Lunatic,天神剣「三魂七魄」,FALSE,TRUE,FALSE
221,th07,妖々夢,89,6,魂魄妖夢,Easy,六道剣「一念無量劫 -Easy-」,FALSE,TRUE,FALSE
222,th07,妖々夢,90,6,魂魄妖夢,Normal,六道剣「一念無量劫」,FALSE,TRUE,FALSE
223,th07,妖々夢,91,6,魂魄妖夢,Hard,六道剣「一念無量劫 -Hard-」,FALSE,TRUE,FALSE
224,th07,妖々夢,92,6,魂魄妖夢,Lunatic,六道剣「一念無量劫 -Lunatic-」,FALSE,TRUE,FALSE
225,th07,妖々夢,93,6,西行寺幽々子,Easy,亡郷「亡我郷 -さまよえる魂-」,FALSE,TRUE,FALSE
226,th07,妖々夢,94,6,西行寺幽々子,Normal,亡郷「亡我郷 -宿罪-」,FALSE,TRUE,FALSE
227,th07,妖々夢,95,6,西行寺幽々子,Hard,亡郷「亡我郷 -道無き道-」,FALSE,TRUE,FALSE
228,th07,妖々夢,96,6,西行寺幽々子,Lunatic,亡郷「亡我郷 -自尽-」,FALSE,TRUE,FALSE
229,th07,妖々夢,97,6,西行寺幽々子,Easy,亡舞「生者必滅の理 -眩惑-」,FALSE,TRUE,FALSE
230,th07,妖々夢,98,6,西行寺幽々子,Normal,亡舞「生者必滅の理 -死蝶-」,FALSE,TRUE,FALSE
231,th07,妖々夢,99,6,西行寺幽々子,Hard,亡舞「生者必滅の理 -毒蛾-」,FALSE,TRUE,FALSE
232,th07,妖々夢,100,6,西行寺幽々子,Lunatic,亡舞「生者必滅の理 -魔境-」,FALSE,TRUE,FALSE
233,th07,妖々夢,101,6,西行寺幽々子,Easy,華霊「ゴーストバタフライ」,FALSE,TRUE,FALSE
234,th07,妖々夢,102,6,西行寺幽々子,Normal,華霊「スワローテイルバタフライ」,FALSE,TRUE,FALSE
235,th07,妖々夢,103,6,西行寺幽々子,Hard,華霊「ディープルーティドバタフライ」,FALSE,TRUE,FALSE
236,th07,妖々夢,104,6,西行寺幽々子,Lunatic,華霊「バタフライディルージョン」,FALSE,TRUE,FALSE
237,th07,妖々夢,105,6,西行寺幽々子,Easy,幽曲「リポジトリ・オブ・ヒロカワ -偽霊-」,FALSE,TRUE,FALSE
238,th07,妖々夢,106,6,西行寺幽々子,Normal,幽曲「リポジトリ・オブ・ヒロカワ -亡霊-」,FALSE,TRUE,FALSE
239,th07,妖々夢,107,6,西行寺幽々子,Hard,幽曲「リポジトリ・オブ・ヒロカワ -幻霊-」,FALSE,TRUE,FALSE
240,th07,妖々夢,108,6,西行寺幽々子,Lunatic,幽曲「リポジトリ・オブ・ヒロカワ -神霊-」,FALSE,TRUE,FALSE
241,th07,妖々夢,109,6,西行寺幽々子,Easy,桜符「完全なる墨染の桜 -封印-」,FALSE,TRUE,FALSE
242,th07,妖々夢,110,6,西行寺幽々子,Normal,桜符「完全なる墨染の桜 -亡我-」,FALSE,TRUE,FALSE
243,th07,妖々夢,111,6,西行寺幽々子,Hard,桜符「完全なる墨染の桜 -春眠-」,FALSE,TRUE,FALSE
244,th07,妖々夢,112,6,西行寺幽々子,Lunatic,桜符「完全なる墨染の桜 -開花-」,FALSE,TRUE,FALSE
245,th07,妖々夢,113,6,西行寺幽々子,Easy,「反魂蝶 -一分咲-」,TRUE,TRUE,TRUE
246,th07,妖々夢,114,6,西行寺幽々子,Normal,「反魂蝶 -参分咲-」,TRUE,TRUE,TRUE
247,th07,妖々夢,115,6,西行寺幽々子,Hard,「反魂蝶 -伍分咲-」,TRUE,TRUE,TRUE
248,th07,妖々夢,116,6,西行寺幽々子,Lunatic,「反魂蝶 -八分咲-」,TRUE,TRUE,TRUE
249,th07,妖々夢,117,Ex,橙,Ex,鬼符「青鬼赤鬼」,FALSE,TRUE,FALSE
250,th07,妖々夢,118,Ex,橙,Ex,鬼神「飛翔毘沙門天」,FALSE,TRUE,FALSE
251,th07,妖々夢,119,Ex,八雲藍,Ex,式神「仙狐思念」,FALSE,TRUE,FALSE
252,th07,妖々夢,120,Ex,八雲藍,Ex,式神「十二神将の宴」,FALSE,TRUE,FALSE
253,th07,妖々夢,121,Ex,八雲藍,Ex,式輝「狐狸妖怪レーザー」,FALSE,TRUE,FALSE
254,th07,妖々夢,122,Ex,八雲藍,Ex,式輝「四面楚歌チャーミング」,FALSE,TRUE,FALSE
255,th07,妖々夢,123,Ex,八雲藍,Ex,式輝「プリンセス天狐 -Illusion-」,FALSE,TRUE,FALSE
256,th07,妖々夢,124,Ex,八雲藍,Ex,式弾「アルティメットブディスト」,FALSE,TRUE,FALSE
257,th07,妖々夢,125,Ex,八雲藍,Ex,式弾「ユーニラタルコンタクト」,FALSE,TRUE,FALSE
258,th07,妖々夢,126,Ex,八雲藍,Ex,式神「橙」,FALSE,TRUE,FALSE
259,th07,妖々夢,127,Ex,八雲藍,Ex,「狐狗狸さんの契約」,FALSE,TRUE,FALSE
260,th07,妖々夢,128,Ex,八雲藍,Ex,幻神「飯綱権現降臨」,FALSE,TRUE,FALSE
261,th07,妖々夢,129,Ph,八雲藍,Phantasm,式神「前鬼後鬼の守護」,FALSE,TRUE,FALSE
262,th07,妖々夢,130,Ph,八雲藍,Phantasm,式神「憑依荼吉尼天」,FALSE,TRUE,FALSE
263,th07,妖々夢,131,Ph,八雲紫,Phantasm,結界「夢と現の呪」,FALSE,TRUE,FALSE
264,th07,妖々夢,132,Ph,八雲紫,Phantasm,結界「動と静の均衡」,FALSE,TRUE,FALSE
265,th07,妖々夢,133,Ph,八雲紫,Phantasm,結界「光と闇の網目」,FALSE,TRUE,FALSE
266,th07,妖々夢,134,Ph,八雲紫,Phantasm,罔両「ストレートとカーブの夢郷」,FALSE,TRUE,FALSE
267,th07,妖々夢,135,Ph,八雲紫,Phantasm,罔両「八雲紫の神隠し」,FALSE,TRUE,FALSE
268,th07,妖々夢,136,Ph,八雲紫,Phantasm,罔両「禅寺に棲む妖蝶」,FALSE,TRUE,FALSE
269,th07,妖々夢,137,Ph,八雲紫,Phantasm,魍魎「二重黒死蝶」,FALSE,TRUE,FALSE
270,th07,妖々夢,138,Ph,八雲紫,Phantasm,式神「八雲藍」,FALSE,TRUE,FALSE
271,th07,妖々夢,139,Ph,八雲紫,Phantasm,「人間と妖怪の境界」,FALSE,TRUE,FALSE
272,th07,妖々夢,140,Ph,八雲紫,Phantasm,結界「生と死の境界」,FALSE,TRUE,FALSE
273,th07,妖々夢,141,Ph,八雲紫,Phantasm,紫奥義「弾幕結界」,TRUE,TRUE,FALSE
274,th08,永夜抄,1,1,リグル・ナイトバグ,Hard,蛍符「地上の流星」,FALSE,TRUE,FALSE
275,th08,永夜抄,2,1,リグル・ナイトバグ,Lunatic,蛍符「地上の彗星」,FALSE,TRUE,FALSE
276,th08,永夜抄,3,1,リグル・ナイトバグ,Easy,灯符「ファイヤフライフェノメノン」,FALSE,TRUE,FALSE
277,th08,永夜抄,4,1,リグル・ナイトバグ,Normal,灯符「ファイヤフライフェノメノン」,FALSE,TRUE,FALSE
278,th08,永夜抄,5,1,リグル・ナイトバグ,Hard,灯符「ファイヤフライフェノメノン」,FALSE,TRUE,FALSE
279,th08,永夜抄,6,1,リグル・ナイトバグ,Lunatic,灯符「ファイヤフライフェノメノン」,FALSE,TRUE,FALSE
280,th08,永夜抄,7,1,リグル・ナイトバグ,Easy,蠢符「リトルバグ」,FALSE,TRUE,FALSE
281,th08,永夜抄,8,1,リグル・ナイトバグ,Normal,蠢符「リトルバグストーム」,FALSE,TRUE,FALSE
282,th08,永夜抄,9,1,リグル・ナイトバグ,Hard,蠢符「ナイトバグストーム」,FALSE,TRUE,FALSE
283,th08,永夜抄,10,1,リグル・ナイトバグ,Lunatic,蠢符「ナイトバグトルネード」,FALSE,TRUE,FALSE
284,th08,永夜抄,11,1,リグル・ナイトバグ,Normal,隠蟲「永夜蟄居」,FALSE,TRUE,TRUE
285,th08,永夜抄,12,1,リグル・ナイトバグ,Hard,隠蟲「永夜蟄居」,FALSE,TRUE,TRUE
286,th08,永夜抄,13,1,リグル・ナイトバグ,Lunatic,隠蟲「永夜蟄居」,FALSE,TRUE,TRUE
287,th08,永夜抄,14,2,ミスティア・ローレライ,Easy,声符「梟の夜鳴声」,FALSE,TRUE,FALSE
288,th08,永夜抄,15,2,ミスティア・ローレライ,Normal,声符「梟の夜鳴声」,FALSE,TRUE,FALSE
289,th08,永夜抄,16,2,ミスティア・ローレライ,Hard,声符「木菟咆哮」,FALSE,TRUE,FALSE
290,th08,永夜抄,17,2,ミスティア・ローレライ,Lunatic,声符「木菟咆哮」,FALSE,TRUE,FALSE
291,th08,永夜抄,18,2,ミスティア・ローレライ,Easy,蛾符「天蛾の蠱道」,FALSE,TRUE,FALSE
292,th08,永夜抄,19,2,ミスティア・ローレライ,Normal,蛾符「天蛾の蠱道」,FALSE,TRUE,FALSE
293,th08,永夜抄,20,2,ミスティア・ローレライ,Hard,毒符「毒蛾の鱗粉」,FALSE,TRUE,FALSE
294,th08,永夜抄,21,2,ミスティア・ローレライ,Lunatic,猛毒「毒蛾の暗闇演舞」,FALSE,TRUE,FALSE
295,th08,永夜抄,22,2,ミスティア・ローレライ,Easy,鷹符「イルスタードダイブ」,FALSE,TRUE,FALSE
296,th08,永夜抄,23,2,ミスティア・ローレライ,Normal,鷹符「イルスタードダイブ」,FALSE,TRUE,FALSE
297,th08,永夜抄,24,2,ミスティア・ローレライ,Hard,鷹符「イルスタードダイブ」,FALSE,TRUE,FALSE
298,th08,永夜抄,25,2,ミスティア・ローレライ,Lunatic,鷹符「イルスタードダイブ」,FALSE,TRUE,FALSE
299,th08,永夜抄,26,2,ミスティア・ローレライ,Easy,夜盲「夜雀の歌」,FALSE,TRUE,FALSE
300,th08,永夜抄,27,2,ミスティア・ローレライ,Normal,夜盲「夜雀の歌」,FALSE,TRUE,FALSE
301,th08,永夜抄,28,2,ミスティア・ローレライ,Hard,夜盲「夜雀の歌」,FALSE,TRUE,FALSE
302,th08,永夜抄,29,2,ミスティア・ローレライ,Lunatic,夜盲「夜雀の歌」,FALSE,TRUE,FALSE
303,th08,永夜抄,30,2,ミスティア・ローレライ,Normal,夜雀「真夜中のコーラスマスター」,FALSE,TRUE,TRUE
304,th08,永夜抄,31,2,ミスティア・ローレライ,Hard,夜雀「真夜中のコーラスマスター」,FALSE,TRUE,TRUE
305,th08,永夜抄,32,2,ミスティア・ローレライ,Lunatic,夜雀「真夜中のコーラスマスター」,FALSE,TRUE,TRUE
306,th08,永夜抄,33,3,上白沢慧音,Easy,産霊「ファーストピラミッド」,FALSE,TRUE,FALSE
307,th08,永夜抄,34,3,上白沢慧音,Normal,産霊「ファーストピラミッド」,FALSE,TRUE,FALSE
308,th08,永夜抄,35,3,上白沢慧音,Hard,産霊「ファーストピラミッド」,FALSE,TRUE,FALSE
309,th08,永夜抄,36,3,上白沢慧音,Lunatic,産霊「ファーストピラミッド」,FALSE,TRUE,FALSE
310,th08,永夜抄,37,3,上白沢慧音,Normal,始符「エフェメラリティ137」,FALSE,TRUE,FALSE
311,th08,永夜抄,38,3,上白沢慧音,Hard,始符「エフェメラリティ137」,FALSE,TRUE,FALSE
312,th08,永夜抄,39,3,上白沢慧音,Lunatic,始符「エフェメラリティ137」,FALSE,TRUE,FALSE
313,th08,永夜抄,40,3,上白沢慧音,Easy,野符「武烈クライシス」,FALSE,TRUE,FALSE
314,th08,永夜抄,41,3,上白沢慧音,Normal,野符「将門クライシス」,FALSE,TRUE,FALSE
315,th08,永夜抄,42,3,上白沢慧音,Hard,野符「義満クライシス」,FALSE,TRUE,FALSE
316,th08,永夜抄,43,3,上白沢慧音,Lunatic,野符「GHQクライシス」,FALSE,TRUE,FALSE
317,th08,永夜抄,44,3,上白沢慧音,Easy,国符「三種の神器　剣」,FALSE,TRUE,FALSE
318,th08,永夜抄,45,3,上白沢慧音,Normal,国符「三種の神器　玉」,FALSE,TRUE,FALSE
319,th08,永夜抄,46,3,上白沢慧音,Hard,国符「三種の神器　鏡」,FALSE,TRUE,FALSE
320,th08,永夜抄,47,3,上白沢慧音,Lunatic,国体「三種の神器　郷」,FALSE,TRUE,FALSE
321,th08,永夜抄,48,3,上白沢慧音,Easy,終符「幻想天皇」,FALSE,TRUE,FALSE
322,th08,永夜抄,49,3,上白沢慧音,Normal,終符「幻想天皇」,FALSE,TRUE,FALSE
323,th08,永夜抄,50,3,上白沢慧音,Hard,虚史「幻想郷伝説」,FALSE,TRUE,FALSE
324,th08,永夜抄,51,3,上白沢慧音,Lunatic,虚史「幻想郷伝説」,FALSE,TRUE,FALSE
325,th08,永夜抄,52,3,上白沢慧音,Normal,未来「高天原」,FALSE,TRUE,TRUE
326,th08,永夜抄,53,3,上白沢慧音,Hard,未来「高天原」,FALSE,TRUE,TRUE
327,th08,永夜抄,54,3,上白沢慧音,Lunatic,未来「高天原」,FALSE,TRUE,TRUE
328,th08,永夜抄,55,4A,博麗霊夢,Easy,夢符「二重結界」,FALSE,TRUE,FALSE
329,th08,永夜抄,56,4A,博麗霊夢,Normal,夢符「二重結界」,FALSE,TRUE,FALSE
330,th08,永夜抄,57,4A,博麗霊夢,Hard,夢境「二重大結界」,FALSE,TRUE,FALSE
331,th08,永夜抄,58,4A,博麗霊夢,Lunatic,夢境「二重大結界」,FALSE,TRUE,FALSE
332,th08,永夜抄,59,4A,博麗霊夢,Easy,霊符「夢想封印　散」,FALSE,TRUE,FALSE
333,th08,永夜抄,60,4A,博麗霊夢,Normal,霊符「夢想封印　散」,FALSE,TRUE,FALSE
334,th08,永夜抄,61,4A,博麗霊夢,Hard,散霊「夢想封印　寂」,FALSE,TRUE,FALSE
335,th08,永夜抄,62,4A,博麗霊夢,Lunatic,散霊「夢想封印　寂」,FALSE,TRUE,FALSE
336,th08,永夜抄,63,4A,博麗霊夢,Easy,夢符「封魔陣」,FALSE,TRUE,FALSE
337,th08,永夜抄,64,4A,博麗霊夢,Normal,夢符「封魔陣」,FALSE,TRUE,FALSE
338,th08,永夜抄,65,4A,博麗霊夢,Hard,神技「八方鬼縛陣」,FALSE,TRUE,FALSE
339,th08,永夜抄,66,4A,博麗霊夢,Lunatic,神技「八方龍殺陣」,FALSE,TRUE,FALSE
340,th08,永夜抄,67,4A,博麗霊夢,Easy,霊符「夢想封印　集」,FALSE,TRUE,FALSE
341,th08,永夜抄,68,4A,博麗霊夢,Normal,霊符「夢想封印　集」,FALSE,TRUE,FALSE
342,th08,永夜抄,69,4A,博麗霊夢,Hard,回霊「夢想封印　侘」,FALSE,TRUE,FALSE
343,th08,永夜抄,70,4A,博麗霊夢,Lunatic,回霊「夢想封印　侘」,FALSE,TRUE,FALSE
344,th08,永夜抄,71,4A,博麗霊夢,Easy,境界「二重弾幕結界」,FALSE,TRUE,FALSE
345,th08,永夜抄,72,4A,博麗霊夢,Normal,境界「二重弾幕結界」,FALSE,TRUE,FALSE
346,th08,永夜抄,73,4A,博麗霊夢,Hard,大結界「博麗弾幕結界」,FALSE,TRUE,FALSE
347,th08,永夜抄,74,4A,博麗霊夢,Lunatic,大結界「博麗弾幕結界」,FALSE,TRUE,FALSE
348,th08,永夜抄,75,4A,博麗霊夢,Normal,神霊「夢想封印　瞬」,FALSE,TRUE,TRUE
349,th08,永夜抄,76,4A,博麗霊夢,Hard,神霊「夢想封印　瞬」,FALSE,TRUE,TRUE
350,th08,永夜抄,77,4A,博麗霊夢,Lunatic,神霊「夢想封印　瞬」,FALSE,TRUE,TRUE
351,th08,永夜抄,78,4B,霧雨魔理沙,Easy,魔符「ミルキーウェイ」,FALSE,TRUE,FALSE
352,th08,永夜抄,79,4B,霧雨魔理沙,Normal,魔符「ミルキーウェイ」,FALSE,TRUE,FALSE
353,th08,永夜抄,80,4B,霧雨魔理沙,Hard,魔空「アステロイドベルト」,FALSE,TRUE,FALSE
354,th08,永夜抄,81,4B,霧雨魔理沙,Lunatic,魔空「アステロイドベルト」,FALSE,TRUE,FALSE
355,th08,永夜抄,82,4B,霧雨魔理沙,Easy,魔符「スターダストレヴァリエ」,FALSE,TRUE,FALSE
356,th08,永夜抄,83,4B,霧雨魔理沙,Normal,魔符「スターダストレヴァリエ」,FALSE,TRUE,FALSE
357,th08,永夜抄,84,4B,霧雨魔理沙,Hard,黒魔「イベントホライズン」,FALSE,TRUE,FALSE
358,th08,永夜抄,85,4B,霧雨魔理沙,Lunatic,黒魔「イベントホライズン」,FALSE,TRUE,FALSE
359,th08,永夜抄,86,4B,霧雨魔理沙,Easy,恋符「ノンディレクショナルレーザー」,FALSE,TRUE,FALSE
360,th08,永夜抄,87,4B,霧雨魔理沙,Normal,恋符「ノンディレクショナルレーザー」,FALSE,TRUE,FALSE
361,th08,永夜抄,88,4B,霧雨魔理沙,Hard,恋風「スターライトタイフーン」,FALSE,TRUE,FALSE
362,th08,永夜抄,89,4B,霧雨魔理沙,Lunatic,恋風「スターライトタイフーン」,FALSE,TRUE,FALSE
363,th08,永夜抄,90,4B,霧雨魔理沙,Easy,恋符「マスタースパーク」,FALSE,TRUE,FALSE
364,th08,永夜抄,91,4B,霧雨魔理沙,Normal,恋符「マスタースパーク」,FALSE,TRUE,FALSE
365,th08,永夜抄,92,4B,霧雨魔理沙,Hard,恋心「ダブルスパーク」,FALSE,TRUE,FALSE
366,th08,永夜抄,93,4B,霧雨魔理沙,Lunatic,恋心「ダブルスパーク」,FALSE,TRUE,FALSE
367,th08,永夜抄,94,4B,霧雨魔理沙,Easy,光符「アースライトレイ」,FALSE,TRUE,FALSE
368,th08,永夜抄,95,4B,霧雨魔理沙,Normal,光符「アースライトレイ」,FALSE,TRUE,FALSE
369,th08,永夜抄,96,4B,霧雨魔理沙,Hard,光撃「シュート・ザ・ムーン」,FALSE,TRUE,FALSE
370,th08,永夜抄,97,4B,霧雨魔理沙,Lunatic,光撃「シュート・ザ・ムーン」,FALSE,TRUE,FALSE
371,th08,永夜抄,98,4B,霧雨魔理沙,Normal,魔砲「ファイナルスパーク」,FALSE,TRUE,TRUE
372,th08,永夜抄,99,4B,霧雨魔理沙,Hard,魔砲「ファイナルスパーク」,FALSE,TRUE,TRUE
373,th08,永夜抄,100,4B,霧雨魔理沙,Lunatic,魔砲「ファイナルマスタースパーク」,FALSE,TRUE,TRUE
374,th08,永夜抄,101,5,鈴仙・優曇華院・イナバ,Easy,波符「赤眼催眠(マインドシェイカー)」,FALSE,TRUE,FALSE
375,th08,永夜抄,102,5,鈴仙・優曇華院・イナバ,Normal,波符「赤眼催眠(マインドシェイカー)」,FALSE,TRUE,FALSE
376,th08,永夜抄,103,5,鈴仙・優曇華院・イナバ,Hard,幻波「赤眼催眠(マインドブローイング)」,FALSE,TRUE,FALSE
377,th08,永夜抄,104,5,鈴仙・優曇華院・イナバ,Lunatic,幻波「赤眼催眠(マインドブローイング)」,FALSE,TRUE,FALSE
378,th08,永夜抄,105,5,鈴仙・優曇華院・イナバ,Easy,狂符「幻視調律(ビジョナリチューニング)」,FALSE,TRUE,FALSE
379,th08,永夜抄,106,5,鈴仙・優曇華院・イナバ,Normal,狂符「幻視調律(ビジョナリチューニング)」,FALSE,TRUE,FALSE
380,th08,永夜抄,107,5,鈴仙・優曇華院・イナバ,Hard,狂視「狂視調律(イリュージョンシーカー)」,FALSE,TRUE,FALSE
381,th08,永夜抄,108,5,鈴仙・優曇華院・イナバ,Lunatic,狂視「狂視調律(イリュージョンシーカー)」,FALSE,TRUE,FALSE
382,th08,永夜抄,109,5,鈴仙・優曇華院・イナバ,Easy,懶符「生神停止(アイドリングウェーブ)」,FALSE,TRUE,FALSE
383,th08,永夜抄,110,5,鈴仙・優曇華院・イナバ,Normal,懶符「生神停止(アイドリングウェーブ)」,FALSE,TRUE,FALSE
384,th08,永夜抄,111,5,鈴仙・優曇華院・イナバ,Hard,懶惰「生神停止(マインドストッパー)」,FALSE,TRUE,FALSE
385,th08,永夜抄,112,5,鈴仙・優曇華院・イナバ,Lunatic,懶惰「生神停止(マインドストッパー)」,FALSE,TRUE,FALSE
386,th08,永夜抄,113,5,鈴仙・優曇華院・イナバ,Easy,散符「真実の月(インビジブルフルムーン)」,FALSE,TRUE,FALSE
387,th08,永夜抄,114,5,鈴仙・優曇華院・イナバ,Normal,散符「真実の月(インビジブルフルムーン)」,FALSE,TRUE,FALSE
388,th08,永夜抄,115,5,鈴仙・優曇華院・イナバ,Hard,散符「真実の月(インビジブルフルムーン)」,FALSE,TRUE,FALSE
389,th08,永夜抄,116,5,鈴仙・優曇華院・イナバ,Lunatic,散符「真実の月(インビジブルフルムーン)」,FALSE,TRUE,FALSE
390,th08,永夜抄,117,5,鈴仙・優曇華院・イナバ,Normal,月眼「月兎遠隔催眠術(テレメスメリズム)」,FALSE,TRUE,TRUE
391,th08,永夜抄,118,5,鈴仙・優曇華院・イナバ,Hard,月眼「月兎遠隔催眠術(テレメスメリズム)」,FALSE,TRUE,TRUE
392,th08,永夜抄,119,5,鈴仙・優曇華院・イナバ,Lunatic,月眼「月兎遠隔催眠術(テレメスメリズム)」,FALSE,TRUE,TRUE
393,th08,永夜抄,120,6A,八意永琳,Easy,天丸「壺中の天地」,FALSE,TRUE,FALSE
394,th08,永夜抄,121,6A,八意永琳,Normal,天丸「壺中の天地」,FALSE,TRUE,FALSE
395,th08,永夜抄,122,6A,八意永琳,Hard,天丸「壺中の天地」,FALSE,TRUE,FALSE
396,th08,永夜抄,123,6A,八意永琳,Lunatic,天丸「壺中の天地」,FALSE,TRUE,FALSE
397,th08,永夜抄,124,6A,八意永琳,Easy,覚神「神代の記憶」,FALSE,TRUE,FALSE
398,th08,永夜抄,125,6A,八意永琳,Normal,覚神「神代の記憶」,FALSE,TRUE,FALSE
399,th08,永夜抄,126,6A,八意永琳,Hard,神符「天人の系譜」,FALSE,TRUE,FALSE
400,th08,永夜抄,127,6A,八意永琳,Lunatic,神符「天人の系譜」,FALSE,TRUE,FALSE
401,th08,永夜抄,128,6A,八意永琳,Easy,蘇活「生命遊戯　-ライフゲーム-」,FALSE,TRUE,FALSE
402,th08,永夜抄,129,6A,八意永琳,Normal,蘇活「生命遊戯　-ライフゲーム-」,FALSE,TRUE,FALSE
403,th08,永夜抄,130,6A,八意永琳,Hard,蘇生「ライジングゲーム」,FALSE,TRUE,FALSE
404,th08,永夜抄,131,6A,八意永琳,Lunatic,蘇生「ライジングゲーム」,FALSE,TRUE,FALSE
405,th08,永夜抄,132,6A,八意永琳,Easy,操神「オモイカネディバイス」,FALSE,TRUE,FALSE
406,th08,永夜抄,133,6A,八意永琳,Normal,操神「オモイカネディバイス」,FALSE,TRUE,FALSE
407,th08,永夜抄,134,6A,八意永琳,Hard,神脳「オモイカネブレイン」,FALSE,TRUE,FALSE
408,th08,永夜抄,135,6A,八意永琳,Lunatic,神脳「オモイカネブレイン」,FALSE,TRUE,FALSE
409,th08,永夜抄,136,6A,八意永琳,Easy,天呪「アポロ１３」,FALSE,TRUE,FALSE
410,th08,永夜抄,137,6A,八意永琳,Normal,天呪「アポロ１３」,FALSE,TRUE,FALSE
411,th08,永夜抄,138,6A,八意永琳,Hard,天呪「アポロ１３」,FALSE,TRUE,FALSE
412,th08,永夜抄,139,6A,八意永琳,Lunatic,天呪「アポロ１３」,FALSE,TRUE,FALSE
413,th08,永夜抄,140,6A,八意永琳,Easy,秘術「天文密葬法」,FALSE,TRUE,FALSE
414,th08,永夜抄,141,6A,八意永琳,Normal,秘術「天文密葬法」,FALSE,TRUE,FALSE
415,th08,永夜抄,142,6A,八意永琳,Hard,秘術「天文密葬法」,FALSE,TRUE,FALSE
416,th08,永夜抄,143,6A,八意永琳,Lunatic,秘術「天文密葬法」,FALSE,TRUE,FALSE
417,th08,永夜抄,144,6A,八意永琳,Easy,禁薬「蓬莱の薬」,TRUE,TRUE,TRUE
418,th08,永夜抄,145,6A,八意永琳,Normal,禁薬「蓬莱の薬」,TRUE,TRUE,TRUE
419,th08,永夜抄,146,6A,八意永琳,Hard,禁薬「蓬莱の薬」,TRUE,TRUE,TRUE
420,th08,永夜抄,147,6A,八意永琳,Lunatic,禁薬「蓬莱の薬」,TRUE,TRUE,TRUE
421,th08,永夜抄,148,6B,八意永琳,Easy,薬符「壺中の大銀河」,FALSE,TRUE,FALSE
422,th08,永夜抄,149,6B,八意永琳,Normal,薬符「壺中の大銀河」,FALSE,TRUE,FALSE
423,th08,永夜抄,150,6B,八意永琳,Hard,薬符「壺中の大銀河」,FALSE,TRUE,FALSE
424,th08,永夜抄,151,6B,八意永琳,Lunatic,薬符「壺中の大銀河」,FALSE,TRUE,FALSE
425,th08,永夜抄,152,6B,蓬莱山輝夜,Easy,難題「龍の頸の玉　-五色の弾丸-」,FALSE,TRUE,FALSE
426,th08,永夜抄,153,6B,蓬莱山輝夜,Normal,難題「龍の頸の玉　-五色の弾丸-」,FALSE,TRUE,FALSE
427,th08,永夜抄,154,6B,蓬莱山輝夜,Hard,神宝「ブリリアントドラゴンバレッタ」,FALSE,TRUE,FALSE
428,th08,永夜抄,155,6B,蓬莱山輝夜,Lunatic,神宝「ブリリアントドラゴンバレッタ」,FALSE,TRUE,FALSE
429,th08,永夜抄,156,6B,蓬莱山輝夜,Easy,難題「仏の御石の鉢　-砕けぬ意思-」,FALSE,TRUE,FALSE
430,th08,永夜抄,157,6B,蓬莱山輝夜,Normal,難題「仏の御石の鉢　-砕けぬ意思-」,FALSE,TRUE,FALSE
431,th08,永夜抄,158,6B,蓬莱山輝夜,Hard,神宝「ブディストダイアモンド」,FALSE,TRUE,FALSE
432,th08,永夜抄,159,6B,蓬莱山輝夜,Lunatic,神宝「ブディストダイアモンド」,FALSE,TRUE,FALSE
433,th08,永夜抄,160,6B,蓬莱山輝夜,Easy,難題「火鼠の皮衣　-焦れぬ心-」,FALSE,TRUE,FALSE
434,th08,永夜抄,161,6B,蓬莱山輝夜,Normal,難題「火鼠の皮衣　-焦れぬ心-」,FALSE,TRUE,FALSE
435,th08,永夜抄,162,6B,蓬莱山輝夜,Hard,神宝「サラマンダーシールド」,FALSE,TRUE,FALSE
436,th08,永夜抄,163,6B,蓬莱山輝夜,Lunatic,神宝「サラマンダーシールド」,FALSE,TRUE,FALSE
437,th08,永夜抄,164,6B,蓬莱山輝夜,Easy,難題「燕の子安貝　-永命線-」,FALSE,TRUE,FALSE
438,th08,永夜抄,165,6B,蓬莱山輝夜,Normal,難題「燕の子安貝　-永命線-」,FALSE,TRUE,FALSE
439,th08,永夜抄,166,6B,蓬莱山輝夜,Hard,神宝「ライフスプリングインフィニティ」,FALSE,TRUE,FALSE
440,th08,永夜抄,167,6B,蓬莱山輝夜,Lunatic,神宝「ライフスプリングインフィニティ」,FALSE,TRUE,FALSE
441,th08,永夜抄,168,6B,蓬莱山輝夜,Easy,難題「蓬莱の弾の枝　-虹色の弾幕-」,FALSE,TRUE,FALSE
442,th08,永夜抄,169,6B,蓬莱山輝夜,Normal,難題「蓬莱の弾の枝　-虹色の弾幕-」,FALSE,TRUE,FALSE
443,th08,永夜抄,170,6B,蓬莱山輝夜,Hard,神宝「蓬莱の玉の枝　-夢色の郷-」,FALSE,TRUE,FALSE
444,th08,永夜抄,171,6B,蓬莱山輝夜,Lunatic,神宝「蓬莱の玉の枝　-夢色の郷-」,FALSE,TRUE,FALSE
445,th08,永夜抄,172,6B,蓬莱山輝夜,Easy,「永夜返し　-初月-」,TRUE,TRUE,TRUE
446,th08,永夜抄,173,6B,蓬莱山輝夜,Normal,「永夜返し　-三日月-」,TRUE,TRUE,TRUE
447,th08,永夜抄,174,6B,蓬莱山輝夜,Hard,「永夜返し　-上つ弓張-」,TRUE,TRUE,TRUE
448,th08,永夜抄,175,6B,蓬莱山輝夜,Lunatic,「永夜返し　-待宵-」,TRUE,TRUE,TRUE
449,th08,永夜抄,176,6B,蓬莱山輝夜,Easy,「永夜返し　-子の刻-」,TRUE,TRUE,TRUE
450,th08,永夜抄,177,6B,蓬莱山輝夜,Normal,「永夜返し　-子の二つ-」,TRUE,TRUE,TRUE
451,th08,永夜抄,178,6B,蓬莱山輝夜,Hard,「永夜返し　-子の三つ-」,TRUE,TRUE,TRUE
452,th08,永夜抄,179,6B,蓬莱山輝夜,Lunatic,「永夜返し　-子の四つ-」,TRUE,TRUE,TRUE
453,th08,永夜抄,180,6B,蓬莱山輝夜,Easy,「永夜返し　-丑の刻-」,TRUE,TRUE,TRUE
454,th08,永夜抄,181,6B,蓬莱山輝夜,Normal,「永夜返し　-丑の二つ-」,TRUE,TRUE,TRUE
455,th08,永夜抄,182,6B,蓬莱山輝夜,Hard,「永夜返し　-丑三つ時-」,TRUE,TRUE,TRUE
456,th08,永夜抄,183,6B,蓬莱山輝夜,Lunatic,「永夜返し　-丑の四つ-」,TRUE,TRUE,TRUE
457,th08,永夜抄,184,6B,蓬莱山輝夜,Easy,「永夜返し　-寅の刻-」,TRUE,TRUE,TRUE
458,th08,永夜抄,185,6B,蓬莱山輝夜,Normal,「永夜返し　-寅の二つ-」,TRUE,TRUE,TRUE
459,th08,永夜抄,186,6B,蓬莱山輝夜,Hard,「永夜返し　-寅の三つ-」,TRUE,TRUE,TRUE
460,th08,永夜抄,187,6B,蓬莱山輝夜,Lunatic,「永夜返し　-寅の四つ-」,TRUE,TRUE,TRUE
461,th08,永夜抄,188,6B,蓬莱山輝夜,Easy,「永夜返し　-朝靄-」,TRUE,TRUE,TRUE
462,th08,永夜抄,189,6B,蓬莱山輝夜,Normal,「永夜返し　-夜明け-」,TRUE,TRUE,TRUE
463,th08,永夜抄,190,6B,蓬莱山輝夜,Hard,「永夜返し　-明けの明星-」,TRUE,TRUE,TRUE
464,th08,永夜抄,191,6B,蓬莱山輝夜,Lunatic,「永夜返し　-世明け-」,TRUE,TRUE,TRUE
465,th08,永夜抄,192,Ex,上白沢慧音,Ex,旧史「旧秘境史　-オールドヒストリー-」,FALSE,TRUE,FALSE
466,th08,永夜抄,193,Ex,上白沢慧音,Ex,転世「一条戻り橋」,FALSE,TRUE,FALSE
467,th08,永夜抄,194,Ex,上白沢慧音,Ex,新史「新幻想史　-ネクストヒストリー-」,FALSE,TRUE,FALSE
468,th08,永夜抄,195,Ex,藤原妹紅,Ex,時効「月のいはかさの呪い」,FALSE,TRUE,FALSE
469,th08,永夜抄,196,Ex,藤原妹紅,Ex,不死「火の鳥　-鳳翼天翔-」,FALSE,TRUE,FALSE
470,th08,永夜抄,197,Ex,藤原妹紅,Ex,藤原「滅罪寺院傷」,FALSE,TRUE,FALSE
471,th08,永夜抄,198,Ex,藤原妹紅,Ex,不死「徐福時空」,FALSE,TRUE,FALSE
472,th08,永夜抄,199,Ex,藤原妹紅,Ex,滅罪「正直者の死」,FALSE,TRUE,FALSE
473,th08,永夜抄,200,Ex,藤原妹紅,Ex,虚人「ウー」,FALSE,TRUE,FALSE
474,th08,永夜抄,201,Ex,藤原妹紅,Ex,不滅「フェニックスの尾」,FALSE,TRUE,FALSE
475,th08,永夜抄,202,Ex,藤原妹紅,Ex,蓬莱「凱風快晴　-フジヤマヴォルケイノ-」,FALSE,TRUE,FALSE
476,th08,永夜抄,203,Ex,藤原妹紅,Ex,「パゼストバイフェニックス」,TRUE,TRUE,FALSE
477,th08,永夜抄,204,Ex,藤原妹紅,Ex,「蓬莱人形」,FALSE,TRUE,FALSE
478,th08,永夜抄,205,Ex,藤原妹紅,Ex,「インペリシャブルシューティング」,TRUE,TRUE,TRUE
479,th08,永夜抄,206,LW,リグル・ナイトバグ,Last Word,「季節外れのバタフライストーム」,FALSE,TRUE,FALSE
480,th08,永夜抄,207,LW,ミスティア・ローレライ,Last Word,「ブラインドナイトバード」,FALSE,TRUE,FALSE
481,th08,永夜抄,208,LW,上白沢慧音,Last Word,「日出づる国の天子」,FALSE,TRUE,FALSE
482,th08,永夜抄,209,LW,鈴仙・優曇華院・イナバ,Last Word,「幻朧月睨(ルナティックレッドアイズ)」,FALSE,TRUE,FALSE
483,th08,永夜抄,210,LW,八意永琳,Last Word,「天網蜘網捕蝶の法」,FALSE,TRUE,FALSE
484,th08,永夜抄,211,LW,蓬莱山輝夜,Last Word,「蓬莱の樹海」,FALSE,TRUE,FALSE
485,th08,永夜抄,212,LW,藤原妹紅,Last Word,「フェニックス再誕」,FALSE,TRUE,FALSE
486,th08,永夜抄,213,LW,因幡てゐ,Last Word,「エンシェントデューパー」,FALSE,TRUE,FALSE
487,th08,永夜抄,214,LW,上白沢慧音,Last Word,「無何有浄化」,FALSE,TRUE,FALSE
488,th08,永夜抄,215,LW,博麗霊夢,Last Word,「夢想天生」,TRUE,TRUE,FALSE
489,th08,永夜抄,216,LW,霧雨魔理沙,Last Word,「ブレイジングスター」,TRUE,TRUE,FALSE
490,th08,永夜抄,217,LW,十六夜咲夜,Last Word,「デフレーションワールド」,FALSE,TRUE,FALSE
491,th08,永夜抄,218,LW,魂魄妖夢,Last Word,「待宵反射衛星斬」,FALSE,TRUE,FALSE
492,th08,永夜抄,219,LW,アリス・マーガトロイド,Last Word,「グランギニョル座の怪人」,FALSE,TRUE,FALSE
493,th08,永夜抄,220,LW,レミリア・スカーレット,Last Word,「スカーレットディスティニー」,FALSE,TRUE,FALSE
494,th08,永夜抄,221,LW,西行寺幽々子,Last Word,「西行寺無余涅槃」,FALSE,TRUE,FALSE
495,th08,永夜抄,222,LW,八雲紫,Last Word,「深弾幕結界　-夢幻泡影-」,TRUE,TRUE,FALSE
496,th09.5,文花帖,1,LEVEL 1,リグル・ナイトバグ,,蛍符「地上の恒星」,FALSE,FALSE,FALSE
497,th09.5,文花帖,2,LEVEL 1,ルーミア,,闇符「ダークサイドオブザムーン」,FALSE,FALSE,FALSE
498,th09.5,文花帖,3,LEVEL 1,リグル・ナイトバグ,,蝶符「バタフライストーム」,FALSE,FALSE,FALSE
499,th09.5,文花帖,4,LEVEL 1,ルーミア,,夜符「ミッドナイトバード」,FALSE,FALSE,FALSE
500,th09.5,文花帖,5,LEVEL 2,チルノ,,雪符「ダイアモンドブリザード」,FALSE,FALSE,FALSE
501,th09.5,文花帖,6,LEVEL 2,レティ・ホワイトロック,,寒符「コールドスナップ」,FALSE,FALSE,FALSE
502,th09.5,文花帖,7,LEVEL 2,チルノ,,凍符「マイナスＫ」,FALSE,FALSE,FALSE
503,th09.5,文花帖,8,LEVEL 2,レティ・ホワイトロック,,冬符「ノーザンウイナー」,FALSE,FALSE,FALSE
504,th09.5,文花帖,9,LEVEL 3,上白沢慧音,,光符「アマテラス」,FALSE,FALSE,FALSE
505,th09.5,文花帖,10,LEVEL 3,アリス・マーガトロイド,,操符「ドールズインシー」,FALSE,FALSE,FALSE
506,th09.5,文花帖,11,LEVEL 3,上白沢慧音,,包符「昭和の雨」,FALSE,FALSE,FALSE
507,th09.5,文花帖,12,LEVEL 3,アリス・マーガトロイド,,呪符「ストロードールカミカゼ」,FALSE,FALSE,FALSE
508,th09.5,文花帖,13,LEVEL 3,上白沢慧音,,葵符「水戸の光圀」,FALSE,FALSE,FALSE
509,th09.5,文花帖,14,LEVEL 3,アリス・マーガトロイド,,赤符「ドールミラセティ」,FALSE,FALSE,FALSE
510,th09.5,文花帖,15,LEVEL 3,上白沢慧音,,倭符「邪馬台の国」,FALSE,FALSE,FALSE
511,th09.5,文花帖,16,LEVEL 4,メディスン・メランコリー,,霧符「ガシングガーデン」,FALSE,FALSE,FALSE
512,th09.5,文花帖,17,LEVEL 4,因幡てゐ,,脱兎「フラスターエスケープ」,FALSE,FALSE,FALSE
513,th09.5,文花帖,18,LEVEL 4,鈴仙・優曇華院・イナバ,,散符「朧月花栞（ロケット・イン・ミスト）」,FALSE,FALSE,FALSE
514,th09.5,文花帖,19,LEVEL 4,メディスン・メランコリー,,毒符「ポイズンブレス」,FALSE,FALSE,FALSE
515,th09.5,文花帖,20,LEVEL 4,鈴仙・優曇華院・イナバ,,波符「幻の月（インビジブルハーフムーン）」,FALSE,FALSE,FALSE
516,th09.5,文花帖,21,LEVEL 4,メディスン・メランコリー,,譫妄「イントゥデリリウム」,FALSE,FALSE,FALSE
517,th09.5,文花帖,22,LEVEL 4,因幡てゐ,,借符「大穴牟遅様の薬」,FALSE,FALSE,FALSE
518,th09.5,文花帖,23,LEVEL 4,鈴仙・優曇華院・イナバ,,狂夢「風狂の夢（ドリームワールド）」,FALSE,FALSE,FALSE
519,th09.5,文花帖,24,LEVEL 5,パチュリー・ノーレッジ,,日＆水符「ハイドロジェナスプロミネンス」,FALSE,FALSE,FALSE
520,th09.5,文花帖,25,LEVEL 5,紅美鈴,,華符「彩光蓮華掌」,FALSE,FALSE,FALSE
521,th09.5,文花帖,26,LEVEL 5,パチュリー・ノーレッジ,,水＆火符「フロギスティックレイン」,FALSE,FALSE,FALSE
522,th09.5,文花帖,27,LEVEL 5,紅美鈴,,彩翔「飛花落葉」,FALSE,FALSE,FALSE
523,th09.5,文花帖,28,LEVEL 5,パチュリー・ノーレッジ,,月＆木符「サテライトヒマワリ」,FALSE,FALSE,FALSE
524,th09.5,文花帖,29,LEVEL 5,紅美鈴,,彩華「虹色太極拳」,FALSE,FALSE,FALSE
525,th09.5,文花帖,30,LEVEL 5,パチュリー・ノーレッジ,,日＆月符「ロイヤルダイアモンドリング」,FALSE,FALSE,FALSE
526,th09.5,文花帖,31,LEVEL 6,魂魄妖夢,,人智剣「天女返し」,FALSE,FALSE,FALSE
527,th09.5,文花帖,32,LEVEL 6,橙,,星符「飛び重ね鱗」,FALSE,FALSE,FALSE
528,th09.5,文花帖,33,LEVEL 6,魂魄妖夢,,妄執剣「修羅の血」,FALSE,FALSE,FALSE
529,th09.5,文花帖,34,LEVEL 6,橙,,鬼神「鳴動持国天」,FALSE,FALSE,FALSE
530,th09.5,文花帖,35,LEVEL 6,魂魄妖夢,,天星剣「涅槃寂静の如し」,FALSE,FALSE,FALSE
531,th09.5,文花帖,36,LEVEL 6,橙,,化猫「橙」,FALSE,FALSE,FALSE
532,th09.5,文花帖,37,LEVEL 6,魂魄妖夢,,四生剣「衆生無情の響き」,FALSE,FALSE,FALSE
533,th09.5,文花帖,38,LEVEL 7,レミリア・スカーレット,,魔符「全世界ナイトメア」,FALSE,FALSE,FALSE
534,th09.5,文花帖,39,LEVEL 7,十六夜咲夜,,時符「トンネルエフェクト」,FALSE,FALSE,FALSE
535,th09.5,文花帖,40,LEVEL 7,レミリア・スカーレット,,紅符「ブラッディマジックスクウェア」,FALSE,FALSE,FALSE
536,th09.5,文花帖,41,LEVEL 7,十六夜咲夜,,空虚「インフレーションスクウェア」,FALSE,FALSE,FALSE
537,th09.5,文花帖,42,LEVEL 7,レミリア・スカーレット,,紅蝙蝠「ヴァンピリッシュナイト」,FALSE,FALSE,FALSE
538,th09.5,文花帖,43,LEVEL 7,十六夜咲夜,,銀符「パーフェクトメイド」,FALSE,FALSE,FALSE
539,th09.5,文花帖,44,LEVEL 7,レミリア・スカーレット,,神鬼「レミリアストーカー」,FALSE,FALSE,FALSE
540,th09.5,文花帖,45,LEVEL 8,西行寺幽々子,,幽雅「死出の誘蛾灯」,FALSE,FALSE,FALSE
541,th09.5,文花帖,46,LEVEL 8,八雲藍,,密符「御大師様の秘鍵」,FALSE,FALSE,FALSE
542,th09.5,文花帖,47,LEVEL 8,西行寺幽々子,,蝶符「鳳蝶紋の死槍」,FALSE,FALSE,FALSE
543,th09.5,文花帖,48,LEVEL 8,八雲藍,,行符「八千万枚護摩」,FALSE,FALSE,FALSE
544,th09.5,文花帖,49,LEVEL 8,西行寺幽々子,,死符「酔人の生、死の夢幻」,FALSE,FALSE,FALSE
545,th09.5,文花帖,50,LEVEL 8,八雲藍,,超人「飛翔役小角」,FALSE,FALSE,FALSE
546,th09.5,文花帖,51,LEVEL 8,西行寺幽々子,,「死蝶浮月」,FALSE,FALSE,FALSE
547,th09.5,文花帖,52,LEVEL 9,蓬莱山輝夜,,新難題「月のイルメナイト」,FALSE,FALSE,FALSE
548,th09.5,文花帖,53,LEVEL 9,八意永琳,,薬符「胡蝶夢丸ナイトメア」,FALSE,FALSE,FALSE
549,th09.5,文花帖,54,LEVEL 9,蓬莱山輝夜,,新難題「エイジャの赤石」,FALSE,FALSE,FALSE
550,th09.5,文花帖,55,LEVEL 9,八意永琳,,錬丹「水銀の海」,FALSE,FALSE,FALSE
551,th09.5,文花帖,56,LEVEL 9,蓬莱山輝夜,,新難題「金閣寺の一枚天井」,FALSE,FALSE,FALSE
552,th09.5,文花帖,57,LEVEL 9,八意永琳,,秘薬「仙香玉兎」,FALSE,FALSE,FALSE
553,th09.5,文花帖,58,LEVEL 9,蓬莱山輝夜,,新難題「ミステリウム」,FALSE,FALSE,FALSE
554,th09.5,文花帖,59,LEVEL 10,四季映姫・ヤマザナドゥ,,嘘言「タン・オブ・ウルフ」,FALSE,FALSE,FALSE
555,th09.5,文花帖,60,LEVEL 10,小野塚小町,,死歌「八重霧の渡し」,FALSE,FALSE,FALSE
556,th09.5,文花帖,61,LEVEL 10,四季映姫・ヤマザナドゥ,,審判「十王裁判」,FALSE,FALSE,FALSE
557,th09.5,文花帖,62,LEVEL 10,小野塚小町,,古雨「黄泉中有の旅の雨」,FALSE,FALSE,FALSE
558,th09.5,文花帖,63,LEVEL 10,四季映姫・ヤマザナドゥ,,審判「ギルティ・オワ・ノットギルティ」,FALSE,FALSE,FALSE
559,th09.5,文花帖,64,LEVEL 10,小野塚小町,,死価「プライス・オブ・ライフ」,FALSE,FALSE,FALSE
560,th09.5,文花帖,65,LEVEL 10,四季映姫・ヤマザナドゥ,,審判「浄頗梨審判 -射命丸文-」,FALSE,FALSE,FALSE
561,th09.5,文花帖,66,LEVEL Ex,フランドール・スカーレット,,禁忌「フォービドゥンフルーツ」,FALSE,FALSE,FALSE
562,th09.5,文花帖,67,LEVEL Ex,フランドール・スカーレット,,禁忌「禁じられた遊び」,FALSE,FALSE,FALSE
563,th09.5,文花帖,68,LEVEL Ex,八雲紫,,境符「色と空の境界」,FALSE,FALSE,FALSE
564,th09.5,文花帖,69,LEVEL Ex,八雲紫,,境符「波と粒の境界」,FALSE,FALSE,FALSE
565,th09.5,文花帖,70,LEVEL Ex,藤原妹紅,,貴人「サンジェルマンの忠告」,FALSE,FALSE,FALSE
566,th09.5,文花帖,71,LEVEL Ex,藤原妹紅,,蓬莱「瑞江浦嶋子と五色の瑞亀」,FALSE,FALSE,FALSE
567,th09.5,文花帖,72,LEVEL Ex,伊吹萃香,,鬼気「濛々迷霧」,FALSE,FALSE,FALSE
568,th09.5,文花帖,73,LEVEL Ex,伊吹萃香,,「百万鬼夜行」,FALSE,TRUE,FALSE
569,th10,風神録,1,1,秋静葉,Hard,葉符「狂いの落葉」,FALSE,TRUE,FALSE
570,th10,風神録,2,1,秋静葉,Lunatic,葉符「狂いの落葉」,FALSE,TRUE,FALSE
571,th10,風神録,3,1,秋穣子,Easy,秋符「オータムスカイ」,FALSE,TRUE,FALSE
572,th10,風神録,4,1,秋穣子,Normal,秋符「オータムスカイ」,FALSE,TRUE,FALSE
573,th10,風神録,5,1,秋穣子,Hard,秋符「秋の空と乙女の心」,FALSE,TRUE,FALSE
574,th10,風神録,6,1,秋穣子,Lunatic,秋符「秋の空と乙女の心」,FALSE,TRUE,FALSE
575,th10,風神録,7,1,秋穣子,Easy,豊符「オヲトシハーベスター」,FALSE,TRUE,FALSE
576,th10,風神録,8,1,秋穣子,Normal,豊符「オヲトシハーベスター」,FALSE,TRUE,FALSE
577,th10,風神録,9,1,秋穣子,Hard,豊作「穀物神の約束」,FALSE,TRUE,FALSE
578,th10,風神録,10,1,秋穣子,Lunatic,豊作「穀物神の約束」,FALSE,TRUE,FALSE
579,th10,風神録,11,2,鍵山雛,Easy,厄符「バッドフォーチュン」,FALSE,TRUE,FALSE
580,th10,風神録,12,2,鍵山雛,Normal,厄符「バッドフォーチュン」,FALSE,TRUE,FALSE
581,th10,風神録,13,2,鍵山雛,Hard,厄符「厄神様のバイオリズム」,FALSE,TRUE,FALSE
582,th10,風神録,14,2,鍵山雛,Lunatic,厄符「厄神様のバイオリズム」,FALSE,TRUE,FALSE
583,th10,風神録,15,2,鍵山雛,Easy,疵符「ブロークンアミュレット」,FALSE,TRUE,FALSE
584,th10,風神録,16,2,鍵山雛,Normal,疵符「ブロークンアミュレット」,FALSE,TRUE,FALSE
585,th10,風神録,17,2,鍵山雛,Hard,疵痕「壊されたお守り」,FALSE,TRUE,FALSE
586,th10,風神録,18,2,鍵山雛,Lunatic,疵痕「壊されたお守り」,FALSE,TRUE,FALSE
587,th10,風神録,19,2,鍵山雛,Easy,悪霊「ミスフォーチュンズホイール」,FALSE,TRUE,FALSE
588,th10,風神録,20,2,鍵山雛,Normal,悪霊「ミスフォーチュンズホイール」,FALSE,TRUE,FALSE
589,th10,風神録,21,2,鍵山雛,Hard,悲運「大鐘婆の火」,FALSE,TRUE,FALSE
590,th10,風神録,22,2,鍵山雛,Lunatic,悲運「大鐘婆の火」,FALSE,TRUE,FALSE
591,th10,風神録,23,2,鍵山雛,Easy,創符「ペインフロー」,FALSE,TRUE,FALSE
592,th10,風神録,24,2,鍵山雛,Normal,創符「ペインフロー」,FALSE,TRUE,FALSE
593,th10,風神録,25,2,鍵山雛,Hard,創符「流刑人形」,FALSE,TRUE,FALSE
594,th10,風神録,26,2,鍵山雛,Lunatic,創符「流刑人形」,FALSE,TRUE,FALSE
595,th10,風神録,27,3,河城にとり,Easy,光学「オプティカルカモフラージュ」,FALSE,TRUE,FALSE
596,th10,風神録,28,3,河城にとり,Normal,光学「オプティカルカモフラージュ」,FALSE,TRUE,FALSE
597,th10,風神録,29,3,河城にとり,Hard,光学「ハイドロカモフラージュ」,FALSE,TRUE,FALSE
598,th10,風神録,30,3,河城にとり,Lunatic,光学「ハイドロカモフラージュ」,FALSE,TRUE,FALSE
599,th10,風神録,31,3,河城にとり,Easy,洪水「ウーズフラッディング」,FALSE,TRUE,FALSE
600,th10,風神録,32,3,河城にとり,Normal,洪水「ウーズフラッディング」,FALSE,TRUE,FALSE
601,th10,風神録,33,3,河城にとり,Hard,洪水「デリューヴィアルメア」,FALSE,TRUE,FALSE
602,th10,風神録,34,3,河城にとり,Lunatic,漂溺「光り輝く水底のトラウマ」,FALSE,TRUE,FALSE
603,th10,風神録,35,3,河城にとり,Easy,水符「河童のポロロッカ」,FALSE,TRUE,FALSE
604,th10,風神録,36,3,河城にとり,Normal,水符「河童のポロロッカ」,FALSE,TRUE,FALSE
605,th10,風神録,37,3,河城にとり,Hard,水符「河童のフラッシュフラッド」,FALSE,TRUE,FALSE
606,th10,風神録,38,3,河城にとり,Lunatic,水符「河童の幻想大瀑布」,FALSE,TRUE,FALSE
607,th10,風神録,39,3,河城にとり,Easy,河童「お化けキューカンバー」,FALSE,TRUE,FALSE
608,th10,風神録,40,3,河城にとり,Normal,河童「お化けキューカンバー」,FALSE,TRUE,FALSE
609,th10,風神録,41,3,河城にとり,Hard,河童「のびーるアーム」,FALSE,TRUE,FALSE
610,th10,風神録,42,3,河城にとり,Lunatic,河童「スピン・ザ・セファリックプレート」,FALSE,TRUE,FALSE
611,th10,風神録,43,4,射命丸文,Easy,岐符「天の八衢」,FALSE,TRUE,FALSE
612,th10,風神録,44,4,射命丸文,Normal,岐符「天の八衢」,FALSE,TRUE,FALSE
613,th10,風神録,45,4,射命丸文,Hard,岐符「サルタクロス」,FALSE,TRUE,FALSE
614,th10,風神録,46,4,射命丸文,Lunatic,岐符「サルタクロス」,FALSE,TRUE,FALSE
615,th10,風神録,47,4,射命丸文,Easy,風神「風神木の葉隠れ」,FALSE,TRUE,FALSE
616,th10,風神録,48,4,射命丸文,Normal,風神「風神木の葉隠れ」,FALSE,TRUE,FALSE
617,th10,風神録,49,4,射命丸文,Hard,風神「天狗颪」,FALSE,TRUE,FALSE
618,th10,風神録,50,4,射命丸文,Lunatic,風神「二百十日」,FALSE,TRUE,FALSE
619,th10,風神録,51,4,射命丸文,Normal,「幻想風靡」,TRUE,TRUE,FALSE
620,th10,風神録,52,4,射命丸文,Hard,「幻想風靡」,TRUE,TRUE,FALSE
621,th10,風神録,53,4,射命丸文,Lunatic,「無双風神」,TRUE,TRUE,FALSE
622,th10,風神録,54,4,射命丸文,Easy,塞符「山神渡御」,FALSE,TRUE,FALSE
623,th10,風神録,55,4,射命丸文,Normal,塞符「山神渡御」,FALSE,TRUE,FALSE
624,th10,風神録,56,4,射命丸文,Hard,塞符「天孫降臨」,FALSE,TRUE,FALSE
625,th10,風神録,57,4,射命丸文,Lunatic,塞符「天上天下の照國」,FALSE,TRUE,FALSE
626,th10,風神録,58,5,東風谷早苗,Easy,秘術「グレイソーマタージ」,FALSE,TRUE,FALSE
627,th10,風神録,59,5,東風谷早苗,Normal,秘術「グレイソーマタージ」,FALSE,TRUE,FALSE
628,th10,風神録,60,5,東風谷早苗,Hard,秘術「忘却の祭儀」,FALSE,TRUE,FALSE
629,th10,風神録,61,5,東風谷早苗,Lunatic,秘術「一子相伝の弾幕」,FALSE,TRUE,FALSE
630,th10,風神録,62,5,東風谷早苗,Easy,奇跡「白昼の客星」,FALSE,TRUE,FALSE
631,th10,風神録,63,5,東風谷早苗,Normal,奇跡「白昼の客星」,FALSE,TRUE,FALSE
632,th10,風神録,64,5,東風谷早苗,Hard,奇跡「客星の明るい夜」,FALSE,TRUE,FALSE
633,th10,風神録,65,5,東風谷早苗,Lunatic,奇跡「客星の明るすぎる夜」,FALSE,TRUE,FALSE
634,th10,風神録,66,5,東風谷早苗,Easy,開海「海が割れる日」,FALSE,TRUE,FALSE
635,th10,風神録,67,5,東風谷早苗,Normal,開海「海が割れる日」,FALSE,TRUE,FALSE
636,th10,風神録,68,5,東風谷早苗,Hard,開海「モーゼの奇跡」,FALSE,TRUE,FALSE
637,th10,風神録,69,5,東風谷早苗,Lunatic,開海「モーゼの奇跡」,FALSE,TRUE,FALSE
638,th10,風神録,70,5,東風谷早苗,Easy,準備「神風を喚ぶ星の儀式」,FALSE,TRUE,FALSE
639,th10,風神録,71,5,東風谷早苗,Normal,準備「神風を喚ぶ星の儀式」,FALSE,TRUE,FALSE
640,th10,風神録,72,5,東風谷早苗,Hard,準備「サモンタケミナカタ」,FALSE,TRUE,FALSE
641,th10,風神録,73,5,東風谷早苗,Lunatic,準備「サモンタケミナカタ」,FALSE,TRUE,FALSE
642,th10,風神録,74,5,東風谷早苗,Easy,奇跡「神の風」,FALSE,TRUE,FALSE
643,th10,風神録,75,5,東風谷早苗,Normal,奇跡「神の風」,FALSE,TRUE,FALSE
644,th10,風神録,76,5,東風谷早苗,Hard,大奇跡「八坂の神風」,FALSE,TRUE,FALSE
645,th10,風神録,77,5,東風谷早苗,Lunatic,大奇跡「八坂の神風」,FALSE,TRUE,FALSE
646,th10,風神録,78,6,八坂神奈子,Easy,神祭「エクスパンデッド・オンバシラ」,FALSE,TRUE,FALSE
647,th10,風神録,79,6,八坂神奈子,Normal,神祭「エクスパンデッド・オンバシラ」,FALSE,TRUE,FALSE
648,th10,風神録,80,6,八坂神奈子,Hard,奇祭「目処梃子乱舞」,FALSE,TRUE,FALSE
649,th10,風神録,81,6,八坂神奈子,Lunatic,奇祭「目処梃子乱舞」,FALSE,TRUE,FALSE
650,th10,風神録,82,6,八坂神奈子,Easy,筒粥「神の粥」,FALSE,TRUE,FALSE
651,th10,風神録,83,6,八坂神奈子,Normal,筒粥「神の粥」,FALSE,TRUE,FALSE
652,th10,風神録,84,6,八坂神奈子,Hard,忘穀「アンリメンバードクロップ」,FALSE,TRUE,FALSE
653,th10,風神録,85,6,八坂神奈子,Lunatic,神穀「ディバイニングクロップ」,FALSE,TRUE,FALSE
654,th10,風神録,86,6,八坂神奈子,Easy,贄符「御射山御狩神事」,FALSE,TRUE,FALSE
655,th10,風神録,87,6,八坂神奈子,Normal,贄符「御射山御狩神事」,FALSE,TRUE,FALSE
656,th10,風神録,88,6,八坂神奈子,Hard,神秘「葛井の清水」,FALSE,TRUE,FALSE
657,th10,風神録,89,6,八坂神奈子,Lunatic,神秘「ヤマトトーラス」,FALSE,TRUE,FALSE
658,th10,風神録,90,6,八坂神奈子,Easy,天流「お天水の奇跡」,FALSE,TRUE,FALSE
659,th10,風神録,91,6,八坂神奈子,Normal,天流「お天水の奇跡」,FALSE,TRUE,FALSE
660,th10,風神録,92,6,八坂神奈子,Hard,天竜「雨の源泉」,FALSE,TRUE,FALSE
661,th10,風神録,93,6,八坂神奈子,Lunatic,天竜「雨の源泉」,FALSE,TRUE,FALSE
662,th10,風神録,94,6,八坂神奈子,Easy,「マウンテン・オブ・フェイス」,FALSE,TRUE,FALSE
663,th10,風神録,95,6,八坂神奈子,Normal,「マウンテン・オブ・フェイス」,FALSE,TRUE,FALSE
664,th10,風神録,96,6,八坂神奈子,Hard,「風神様の神徳」,FALSE,TRUE,FALSE
665,th10,風神録,97,6,八坂神奈子,Lunatic,「風神様の神徳」,FALSE,TRUE,FALSE
666,th10,風神録,98,Ex,八坂神奈子,Ex,神符「水眼の如き美しき源泉」,FALSE,TRUE,FALSE
667,th10,風神録,99,Ex,八坂神奈子,Ex,神符「杉で結ぶ古き縁」,FALSE,TRUE,FALSE
668,th10,風神録,100,Ex,八坂神奈子,Ex,神符「神が歩かれた御神渡り」,FALSE,TRUE,FALSE
669,th10,風神録,101,Ex,洩矢諏訪子,Ex,開宴「二拝二拍一拝」,FALSE,TRUE,FALSE
670,th10,風神録,102,Ex,洩矢諏訪子,Ex,土着神「手長足長さま」,FALSE,TRUE,FALSE
671,th10,風神録,103,Ex,洩矢諏訪子,Ex,神具「洩矢の鉄の輪」,FALSE,TRUE,FALSE
672,th10,風神録,104,Ex,洩矢諏訪子,Ex,源符「厭い川の翡翠」,FALSE,TRUE,FALSE
673,th10,風神録,105,Ex,洩矢諏訪子,Ex,蛙狩「蛙は口ゆえ蛇に呑まるる」,FALSE,TRUE,FALSE
674,th10,風神録,106,Ex,洩矢諏訪子,Ex,土着神「七つの石と七つの木」,FALSE,TRUE,FALSE
675,th10,風神録,107,Ex,洩矢諏訪子,Ex,土着神「ケロちゃん風雨に負けず」,FALSE,TRUE,FALSE
676,th10,風神録,108,Ex,洩矢諏訪子,Ex,土着神「宝永四年の赤蛙」,TRUE,TRUE,FALSE
677,th10,風神録,109,Ex,洩矢諏訪子,Ex,「諏訪大戦　～ 土着神話 vs 中央神話」,TRUE,TRUE,FALSE
678,th10,風神録,110,Ex,洩矢諏訪子,Ex,祟符「ミシャグジさま」,FALSE,TRUE,FALSE
679,th11,地霊殿,1,1,キスメ,Hard,怪奇「釣瓶落としの怪」,FALSE,TRUE,FALSE
680,th11,地霊殿,2,1,キスメ,Lunatic,怪奇「釣瓶落としの怪」,FALSE,TRUE,FALSE
681,th11,地霊殿,3,1,黒谷ヤマメ,Easy,罠符「キャプチャーウェブ」,FALSE,TRUE,FALSE
682,th11,地霊殿,4,1,黒谷ヤマメ,Normal,罠符「キャプチャーウェブ」,FALSE,TRUE,FALSE
683,th11,地霊殿,5,1,黒谷ヤマメ,Hard,蜘蛛「石窟の蜘蛛の巣」,FALSE,TRUE,FALSE
684,th11,地霊殿,6,1,黒谷ヤマメ,Lunatic,蜘蛛「石窟の蜘蛛の巣」,FALSE,TRUE,FALSE
685,th11,地霊殿,7,1,黒谷ヤマメ,Easy,瘴符「フィルドミアズマ」,FALSE,TRUE,FALSE
686,th11,地霊殿,8,1,黒谷ヤマメ,Normal,瘴符「フィルドミアズマ」,FALSE,TRUE,FALSE
687,th11,地霊殿,9,1,黒谷ヤマメ,Hard,瘴気「原因不明の熱病」,FALSE,TRUE,FALSE
688,th11,地霊殿,10,1,黒谷ヤマメ,Lunatic,瘴気「原因不明の熱病」,FALSE,TRUE,FALSE
689,th11,地霊殿,11,2,水橋パルスィ,Easy,妬符「グリーンアイドモンスター」,FALSE,TRUE,FALSE
690,th11,地霊殿,12,2,水橋パルスィ,Normal,妬符「グリーンアイドモンスター」,FALSE,TRUE,FALSE
691,th11,地霊殿,13,2,水橋パルスィ,Hard,嫉妬「緑色の眼をした見えない怪物」,FALSE,TRUE,FALSE
692,th11,地霊殿,14,2,水橋パルスィ,Lunatic,嫉妬「緑色の眼をした見えない怪物」,FALSE,TRUE,FALSE
693,th11,地霊殿,15,2,水橋パルスィ,Easy,花咲爺「華やかなる仁者への嫉妬」,FALSE,TRUE,FALSE
694,th11,地霊殿,16,2,水橋パルスィ,Normal,花咲爺「華やかなる仁者への嫉妬」,FALSE,TRUE,FALSE
695,th11,地霊殿,17,2,水橋パルスィ,Hard,花咲爺「シロの灰」,FALSE,TRUE,FALSE
696,th11,地霊殿,18,2,水橋パルスィ,Lunatic,花咲爺「シロの灰」,FALSE,TRUE,FALSE
697,th11,地霊殿,19,2,水橋パルスィ,Easy,舌切雀「謙虚なる富者への片恨」,FALSE,TRUE,FALSE
698,th11,地霊殿,20,2,水橋パルスィ,Normal,舌切雀「謙虚なる富者への片恨」,FALSE,TRUE,FALSE
699,th11,地霊殿,21,2,水橋パルスィ,Hard,舌切雀「大きな葛籠と小さな葛籠」,FALSE,TRUE,FALSE
700,th11,地霊殿,22,2,水橋パルスィ,Lunatic,舌切雀「大きな葛籠と小さな葛籠」,FALSE,TRUE,FALSE
701,th11,地霊殿,23,2,水橋パルスィ,Easy,恨符「丑の刻参り」,FALSE,TRUE,FALSE
702,th11,地霊殿,24,2,水橋パルスィ,Normal,恨符「丑の刻参り」,FALSE,TRUE,FALSE
703,th11,地霊殿,25,2,水橋パルスィ,Hard,恨符「丑の刻参り七日目」,FALSE,TRUE,FALSE
704,th11,地霊殿,26,2,水橋パルスィ,Lunatic,恨符「丑の刻参り七日目」,FALSE,TRUE,FALSE
705,th11,地霊殿,27,3,星熊勇儀,Easy,鬼符「怪力乱神」,FALSE,TRUE,FALSE
706,th11,地霊殿,28,3,星熊勇儀,Normal,鬼符「怪力乱神」,FALSE,TRUE,FALSE
707,th11,地霊殿,29,3,星熊勇儀,Hard,鬼符「怪力乱神」,FALSE,TRUE,FALSE
708,th11,地霊殿,30,3,星熊勇儀,Lunatic,鬼符「怪力乱神」,FALSE,TRUE,FALSE
709,th11,地霊殿,31,3,星熊勇儀,Easy,怪輪「地獄の苦輪」,FALSE,TRUE,FALSE
710,th11,地霊殿,32,3,星熊勇儀,Normal,怪輪「地獄の苦輪」,FALSE,TRUE,FALSE
711,th11,地霊殿,33,3,星熊勇儀,Hard,枷符「咎人の外さぬ枷」,FALSE,TRUE,FALSE
712,th11,地霊殿,34,3,星熊勇儀,Lunatic,枷符「咎人の外さぬ枷」,FALSE,TRUE,FALSE
713,th11,地霊殿,35,3,星熊勇儀,Easy,力業「大江山嵐」,FALSE,TRUE,FALSE
714,th11,地霊殿,36,3,星熊勇儀,Normal,力業「大江山嵐」,FALSE,TRUE,FALSE
715,th11,地霊殿,37,3,星熊勇儀,Hard,力業「大江山颪」,FALSE,TRUE,FALSE
716,th11,地霊殿,38,3,星熊勇儀,Lunatic,力業「大江山颪」,FALSE,TRUE,FALSE
717,th11,地霊殿,39,3,星熊勇儀,Easy,四天王奥義「三歩必殺」,FALSE,TRUE,FALSE
718,th11,地霊殿,40,3,星熊勇儀,Normal,四天王奥義「三歩必殺」,FALSE,TRUE,FALSE
719,th11,地霊殿,41,3,星熊勇儀,Hard,四天王奥義「三歩必殺」,FALSE,TRUE,FALSE
720,th11,地霊殿,42,3,星熊勇儀,Lunatic,四天王奥義「三歩必殺」,FALSE,TRUE,FALSE
721,th11,地霊殿,43,4,古明地さとり,Easy,想起「テリブルスーヴニール」,FALSE,TRUE,FALSE
722,th11,地霊殿,44,4,古明地さとり,Normal,想起「テリブルスーヴニール」,FALSE,TRUE,FALSE
723,th11,地霊殿,45,4,古明地さとり,Hard,想起「恐怖催眠術」,FALSE,TRUE,FALSE
724,th11,地霊殿,46,4,古明地さとり,Lunatic,想起「恐怖催眠術」,FALSE,TRUE,FALSE
725,th11,地霊殿,47,4,古明地さとり,Easy,想起「二重黒死蝶」,FALSE,TRUE,FALSE
726,th11,地霊殿,48,4,古明地さとり,Normal,想起「二重黒死蝶」,FALSE,TRUE,FALSE
727,th11,地霊殿,49,4,古明地さとり,Hard,想起「二重黒死蝶」,FALSE,TRUE,FALSE
728,th11,地霊殿,50,4,古明地さとり,Lunatic,想起「二重黒死蝶」,FALSE,TRUE,FALSE
729,th11,地霊殿,51,4,古明地さとり,Easy,想起「飛行虫ネスト」,FALSE,TRUE,FALSE
730,th11,地霊殿,52,4,古明地さとり,Normal,想起「飛行虫ネスト」,FALSE,TRUE,FALSE
731,th11,地霊殿,53,4,古明地さとり,Hard,想起「飛行虫ネスト」,FALSE,TRUE,FALSE
732,th11,地霊殿,54,4,古明地さとり,Lunatic,想起「飛行虫ネスト」,FALSE,TRUE,FALSE
733,th11,地霊殿,55,4,古明地さとり,Easy,想起「波と粒の境界」,FALSE,TRUE,FALSE
734,th11,地霊殿,56,4,古明地さとり,Normal,想起「波と粒の境界」,FALSE,TRUE,FALSE
735,th11,地霊殿,57,4,古明地さとり,Hard,想起「波と粒の境界」,FALSE,TRUE,FALSE
736,th11,地霊殿,58,4,古明地さとり,Lunatic,想起「波と粒の境界」,FALSE,TRUE,FALSE
737,th11,地霊殿,59,4,古明地さとり,Easy,想起「戸隠山投げ」,FALSE,TRUE,FALSE
738,th11,地霊殿,60,4,古明地さとり,Normal,想起「戸隠山投げ」,FALSE,TRUE,FALSE
739,th11,地霊殿,61,4,古明地さとり,Hard,想起「戸隠山投げ」,FALSE,TRUE,FALSE
740,th11,地霊殿,62,4,古明地さとり,Lunatic,想起「戸隠山投げ」,FALSE,TRUE,FALSE
741,th11,地霊殿,63,4,古明地さとり,Easy,想起「百万鬼夜行」,FALSE,TRUE,FALSE
742,th11,地霊殿,64,4,古明地さとり,Normal,想起「百万鬼夜行」,FALSE,TRUE,FALSE
743,th11,地霊殿,65,4,古明地さとり,Hard,想起「百万鬼夜行」,FALSE,TRUE,FALSE
744,th11,地霊殿,66,4,古明地さとり,Lunatic,想起「百万鬼夜行」,FALSE,TRUE,FALSE
745,th11,地霊殿,67,4,古明地さとり,Easy,想起「濛々迷霧」,FALSE,TRUE,FALSE
746,th11,地霊殿,68,4,古明地さとり,Normal,想起「濛々迷霧」,FALSE,TRUE,FALSE
747,th11,地霊殿,69,4,古明地さとり,Hard,想起「濛々迷霧」,FALSE,TRUE,FALSE
748,th11,地霊殿,70,4,古明地さとり,Lunatic,想起「濛々迷霧」,FALSE,TRUE,FALSE
749,th11,地霊殿,71,4,古明地さとり,Easy,想起「風神木の葉隠れ」,FALSE,TRUE,FALSE
750,th11,地霊殿,72,4,古明地さとり,Normal,想起「風神木の葉隠れ」,FALSE,TRUE,FALSE
751,th11,地霊殿,73,4,古明地さとり,Hard,想起「風神木の葉隠れ」,FALSE,TRUE,FALSE
752,th11,地霊殿,74,4,古明地さとり,Lunatic,想起「風神木の葉隠れ」,FALSE,TRUE,FALSE
753,th11,地霊殿,75,4,古明地さとり,Easy,想起「天狗のマクロバースト」,FALSE,TRUE,FALSE
754,th11,地霊殿,76,4,古明地さとり,Normal,想起「天狗のマクロバースト」,FALSE,TRUE,FALSE
755,th11,地霊殿,77,4,古明地さとり,Hard,想起「天狗のマクロバースト」,FALSE,TRUE,FALSE
756,th11,地霊殿,78,4,古明地さとり,Lunatic,想起「天狗のマクロバースト」,FALSE,TRUE,FALSE
757,th11,地霊殿,79,4,古明地さとり,Easy,想起「鳥居つむじ風」,FALSE,TRUE,FALSE
758,th11,地霊殿,80,4,古明地さとり,Normal,想起「鳥居つむじ風」,FALSE,TRUE,FALSE
759,th11,地霊殿,81,4,古明地さとり,Hard,想起「鳥居つむじ風」,FALSE,TRUE,FALSE
760,th11,地霊殿,82,4,古明地さとり,Lunatic,想起「鳥居つむじ風」,FALSE,TRUE,FALSE
761,th11,地霊殿,83,4,古明地さとり,Easy,想起「春の京人形」,FALSE,TRUE,FALSE
762,th11,地霊殿,84,4,古明地さとり,Normal,想起「春の京人形」,FALSE,TRUE,FALSE
763,th11,地霊殿,85,4,古明地さとり,Hard,想起「春の京人形」,FALSE,TRUE,FALSE
764,th11,地霊殿,86,4,古明地さとり,Lunatic,想起「春の京人形」,FALSE,TRUE,FALSE
765,th11,地霊殿,87,4,古明地さとり,Easy,想起「ストロードールカミカゼ」,FALSE,TRUE,FALSE
766,th11,地霊殿,88,4,古明地さとり,Normal,想起「ストロードールカミカゼ」,FALSE,TRUE,FALSE
767,th11,地霊殿,89,4,古明地さとり,Hard,想起「ストロードールカミカゼ」,FALSE,TRUE,FALSE
768,th11,地霊殿,90,4,古明地さとり,Lunatic,想起「ストロードールカミカゼ」,FALSE,TRUE,FALSE
769,th11,地霊殿,91,4,古明地さとり,Easy,想起「リターンイナニメトネス」,FALSE,TRUE,FALSE
770,th11,地霊殿,92,4,古明地さとり,Normal,想起「リターンイナニメトネス」,FALSE,TRUE,FALSE
771,th11,地霊殿,93,4,古明地さとり,Hard,想起「リターンイナニメトネス」,FALSE,TRUE,FALSE
772,th11,地霊殿,94,4,古明地さとり,Lunatic,想起「リターンイナニメトネス」,FALSE,TRUE,FALSE
773,th11,地霊殿,95,4,古明地さとり,Easy,想起「マーキュリポイズン」,FALSE,TRUE,FALSE
774,th11,地霊殿,96,4,古明地さとり,Normal,想起「マーキュリポイズン」,FALSE,TRUE,FALSE
775,th11,地霊殿,97,4,古明地さとり,Hard,想起「マーキュリポイズン」,FALSE,TRUE,FALSE
776,th11,地霊殿,98,4,古明地さとり,Lunatic,想起「マーキュリポイズン」,FALSE,TRUE,FALSE
777,th11,地霊殿,99,4,古明地さとり,Easy,想起「プリンセスウンディネ」,FALSE,TRUE,FALSE
778,th11,地霊殿,100,4,古明地さとり,Normal,想起「プリンセスウンディネ」,FALSE,TRUE,FALSE
779,th11,地霊殿,101,4,古明地さとり,Hard,想起「プリンセスウンディネ」,FALSE,TRUE,FALSE
780,th11,地霊殿,102,4,古明地さとり,Lunatic,想起「プリンセスウンディネ」,FALSE,TRUE,FALSE
781,th11,地霊殿,103,4,古明地さとり,Easy,想起「賢者の石」,FALSE,TRUE,FALSE
782,th11,地霊殿,104,4,古明地さとり,Normal,想起「賢者の石」,FALSE,TRUE,FALSE
783,th11,地霊殿,105,4,古明地さとり,Hard,想起「賢者の石」,FALSE,TRUE,FALSE
784,th11,地霊殿,106,4,古明地さとり,Lunatic,想起「賢者の石」,FALSE,TRUE,FALSE
785,th11,地霊殿,107,4,古明地さとり,Easy,想起「のびーるアーム」,FALSE,TRUE,FALSE
786,th11,地霊殿,108,4,古明地さとり,Normal,想起「のびーるアーム」,FALSE,TRUE,FALSE
787,th11,地霊殿,109,4,古明地さとり,Hard,想起「のびーるアーム」,FALSE,TRUE,FALSE
788,th11,地霊殿,110,4,古明地さとり,Lunatic,想起「のびーるアーム」,FALSE,TRUE,FALSE
789,th11,地霊殿,111,4,古明地さとり,Easy,想起「河童のポロロッカ」,FALSE,TRUE,FALSE
790,th11,地霊殿,112,4,古明地さとり,Normal,想起「河童のポロロッカ」,FALSE,TRUE,FALSE
791,th11,地霊殿,113,4,古明地さとり,Hard,想起「河童のポロロッカ」,FALSE,TRUE,FALSE
792,th11,地霊殿,114,4,古明地さとり,Lunatic,想起「河童のポロロッカ」,FALSE,TRUE,FALSE
793,th11,地霊殿,115,4,古明地さとり,Easy,想起「光り輝く水底のトラウマ」,FALSE,TRUE,FALSE
794,th11,地霊殿,116,4,古明地さとり,Normal,想起「光り輝く水底のトラウマ」,FALSE,TRUE,FALSE
795,th11,地霊殿,117,4,古明地さとり,Hard,想起「光り輝く水底のトラウマ」,FALSE,TRUE,FALSE
796,th11,地霊殿,118,4,古明地さとり,Lunatic,想起「光り輝く水底のトラウマ」,FALSE,TRUE,FALSE
797,th11,地霊殿,119,5,火焔猫燐,Easy,猫符「キャッツウォーク」,FALSE,TRUE,FALSE
798,th11,地霊殿,120,5,火焔猫燐,Normal,猫符「キャッツウォーク」,FALSE,TRUE,FALSE
799,th11,地霊殿,121,5,火焔猫燐,Hard,猫符「怨霊猫乱歩」,FALSE,TRUE,FALSE
800,th11,地霊殿,122,5,火焔猫燐,Lunatic,猫符「怨霊猫乱歩」,FALSE,TRUE,FALSE
801,th11,地霊殿,123,5,火焔猫燐,Easy,呪精「ゾンビフェアリー」,FALSE,TRUE,FALSE
802,th11,地霊殿,124,5,火焔猫燐,Normal,呪精「ゾンビフェアリー」,FALSE,TRUE,FALSE
803,th11,地霊殿,125,5,火焔猫燐,Hard,呪精「怨霊憑依妖精」,FALSE,TRUE,FALSE
804,th11,地霊殿,126,5,火焔猫燐,Lunatic,呪精「怨霊憑依妖精」,FALSE,TRUE,FALSE
805,th11,地霊殿,127,5,火焔猫燐,Easy,恨霊「スプリーンイーター」,FALSE,TRUE,FALSE
806,th11,地霊殿,128,5,火焔猫燐,Normal,恨霊「スプリーンイーター」,FALSE,TRUE,FALSE
807,th11,地霊殿,129,5,火焔猫燐,Hard,屍霊「食人怨霊」,FALSE,TRUE,FALSE
808,th11,地霊殿,130,5,火焔猫燐,Lunatic,屍霊「食人怨霊」,FALSE,TRUE,FALSE
809,th11,地霊殿,131,5,火焔猫燐,Easy,贖罪「旧地獄の針山」,FALSE,TRUE,FALSE
810,th11,地霊殿,132,5,火焔猫燐,Normal,贖罪「旧地獄の針山」,FALSE,TRUE,FALSE
811,th11,地霊殿,133,5,火焔猫燐,Hard,贖罪「昔時の針と痛がる怨霊」,FALSE,TRUE,FALSE
812,th11,地霊殿,134,5,火焔猫燐,Lunatic,贖罪「昔時の針と痛がる怨霊」,FALSE,TRUE,FALSE
813,th11,地霊殿,135,5,火焔猫燐,Easy,「死灰復燃」,FALSE,TRUE,FALSE
814,th11,地霊殿,136,5,火焔猫燐,Normal,「死灰復燃」,FALSE,TRUE,FALSE
815,th11,地霊殿,137,5,火焔猫燐,Hard,「小悪霊復活せし」,FALSE,TRUE,FALSE
816,th11,地霊殿,138,5,火焔猫燐,Lunatic,「小悪霊復活せし」,FALSE,TRUE,FALSE
817,th11,地霊殿,139,6,火焔猫燐,Easy,妖怪「火焔の車輪」,FALSE,TRUE,FALSE
818,th11,地霊殿,140,6,火焔猫燐,Normal,妖怪「火焔の車輪」,FALSE,TRUE,FALSE
819,th11,地霊殿,141,6,火焔猫燐,Hard,妖怪「火焔の車輪」,FALSE,TRUE,FALSE
820,th11,地霊殿,142,6,火焔猫燐,Lunatic,妖怪「火焔の車輪」,FALSE,TRUE,FALSE
821,th11,地霊殿,143,6,霊烏路空,Easy,核熱「ニュークリアフュージョン」,FALSE,TRUE,FALSE
822,th11,地霊殿,144,6,霊烏路空,Normal,核熱「ニュークリアフュージョン」,FALSE,TRUE,FALSE
823,th11,地霊殿,145,6,霊烏路空,Hard,核熱「ニュークリアエクスカーション」,FALSE,TRUE,FALSE
824,th11,地霊殿,146,6,霊烏路空,Lunatic,核熱「核反応制御不能」,FALSE,TRUE,FALSE
825,th11,地霊殿,147,6,霊烏路空,Easy,爆符「プチフレア」,FALSE,TRUE,FALSE
826,th11,地霊殿,148,6,霊烏路空,Normal,爆符「メガフレア」,FALSE,TRUE,FALSE
827,th11,地霊殿,149,6,霊烏路空,Hard,爆符「ギガフレア」,FALSE,TRUE,FALSE
828,th11,地霊殿,150,6,霊烏路空,Lunatic,爆符「ペタフレア」,FALSE,TRUE,FALSE
829,th11,地霊殿,151,6,霊烏路空,Easy,焔星「フィクストスター」,FALSE,TRUE,FALSE
830,th11,地霊殿,152,6,霊烏路空,Normal,焔星「フィクストスター」,FALSE,TRUE,FALSE
831,th11,地霊殿,153,6,霊烏路空,Hard,焔星「プラネタリーレボリューション」,FALSE,TRUE,FALSE
832,th11,地霊殿,154,6,霊烏路空,Lunatic,焔星「十凶星」,FALSE,TRUE,FALSE
833,th11,地霊殿,155,6,霊烏路空,Easy,「地獄極楽メルトダウン」,FALSE,TRUE,FALSE
834,th11,地霊殿,156,6,霊烏路空,Normal,「地獄極楽メルトダウン」,FALSE,TRUE,FALSE
835,th11,地霊殿,157,6,霊烏路空,Hard,「ヘルズトカマク」,FALSE,TRUE,FALSE
836,th11,地霊殿,158,6,霊烏路空,Lunatic,「ヘルズトカマク」,FALSE,TRUE,FALSE
837,th11,地霊殿,159,6,霊烏路空,Easy,「地獄の人工太陽」,FALSE,TRUE,FALSE
838,th11,地霊殿,160,6,霊烏路空,Normal,「地獄の人工太陽」,FALSE,TRUE,FALSE
839,th11,地霊殿,161,6,霊烏路空,Hard,「サブタレイニアンサン」,FALSE,TRUE,FALSE
840,th11,地霊殿,162,6,霊烏路空,Lunatic,「サブタレイニアンサン」,FALSE,TRUE,FALSE
841,th11,地霊殿,163,Ex,東風谷早苗,Ex,秘法「九字刺し」,FALSE,TRUE,FALSE
842,th11,地霊殿,164,Ex,東風谷早苗,Ex,奇跡「ミラクルフルーツ」,FALSE,TRUE,FALSE
843,th11,地霊殿,165,Ex,東風谷早苗,Ex,神徳「五穀豊穣ライスシャワー」,FALSE,TRUE,FALSE
844,th11,地霊殿,166,Ex,古明地こいし,Ex,表象「夢枕にご先祖総立ち」,FALSE,TRUE,FALSE
845,th11,地霊殿,167,Ex,古明地こいし,Ex,表象「弾幕パラノイア」,FALSE,TRUE,FALSE
846,th11,地霊殿,168,Ex,古明地こいし,Ex,本能「イドの解放」,FALSE,TRUE,FALSE
847,th11,地霊殿,169,Ex,古明地こいし,Ex,抑制「スーパーエゴ」,FALSE,TRUE,FALSE
848,th11,地霊殿,170,Ex,古明地こいし,Ex,反応「妖怪ポリグラフ」,TRUE,TRUE,FALSE
849,th11,地霊殿,171,Ex,古明地こいし,Ex,無意識「弾幕のロールシャッハ」,FALSE,TRUE,FALSE
850,th11,地霊殿,172,Ex,古明地こいし,Ex,復燃「恋の埋火」,FALSE,TRUE,FALSE
851,th11,地霊殿,173,Ex,古明地こいし,Ex,深層「無意識の遺伝子」,FALSE,TRUE,FALSE
852,th11,地霊殿,174,Ex,古明地こいし,Ex,「嫌われ者のフィロソフィ」,TRUE,TRUE,FALSE
853,th11,地霊殿,175,Ex,古明地こいし,Ex,「サブタレイニアンローズ」,FALSE,TRUE,FALSE
854,th12,星蓮船,1,1,ナズーリン,Hard,棒符「ビジーロッド」,FALSE,TRUE,FALSE
855,th12,星蓮船,2,1,ナズーリン,Lunatic,棒符「ビジーロッド」,FALSE,TRUE,FALSE
856,th12,星蓮船,3,1,ナズーリン,Easy,捜符「レアメタルディテクター」,FALSE,TRUE,FALSE
857,th12,星蓮船,4,1,ナズーリン,Normal,捜符「レアメタルディテクター」,FALSE,TRUE,FALSE
858,th12,星蓮船,5,1,ナズーリン,Hard,捜符「ゴールドディテクター」,FALSE,TRUE,FALSE
859,th12,星蓮船,6,1,ナズーリン,Lunatic,捜符「ゴールドディテクター」,FALSE,TRUE,FALSE
860,th12,星蓮船,7,1,ナズーリン,Easy,視符「ナズーリンペンデュラム」,FALSE,TRUE,FALSE
861,th12,星蓮船,8,1,ナズーリン,Normal,視符「ナズーリンペンデュラム」,FALSE,TRUE,FALSE
862,th12,星蓮船,9,1,ナズーリン,Hard,視符「高感度ナズーリンペンデュラム」,FALSE,TRUE,FALSE
863,th12,星蓮船,10,1,ナズーリン,Lunatic,守符「ペンデュラムガード」,FALSE,TRUE,FALSE
864,th12,星蓮船,11,2,多々良小傘,Easy,大輪「からかさ後光」,FALSE,TRUE,FALSE
865,th12,星蓮船,12,2,多々良小傘,Normal,大輪「からかさ後光」,FALSE,TRUE,FALSE
866,th12,星蓮船,13,2,多々良小傘,Hard,大輪「ハロウフォゴットンワールド」,FALSE,TRUE,FALSE
867,th12,星蓮船,14,2,多々良小傘,Lunatic,大輪「ハロウフォゴットンワールド」,FALSE,TRUE,FALSE
868,th12,星蓮船,15,2,多々良小傘,Easy,傘符「パラソルスターシンフォニー」,FALSE,TRUE,FALSE
869,th12,星蓮船,16,2,多々良小傘,Normal,傘符「パラソルスターシンフォニー」,FALSE,TRUE,FALSE
870,th12,星蓮船,17,2,多々良小傘,Hard,傘符「パラソルスターメモリーズ」,FALSE,TRUE,FALSE
871,th12,星蓮船,18,2,多々良小傘,Lunatic,傘符「パラソルスターメモリーズ」,FALSE,TRUE,FALSE
872,th12,星蓮船,19,2,多々良小傘,Easy,雨符「雨夜の怪談」,FALSE,TRUE,FALSE
873,th12,星蓮船,20,2,多々良小傘,Normal,雨符「雨夜の怪談」,FALSE,TRUE,FALSE
874,th12,星蓮船,21,2,多々良小傘,Hard,雨傘「超撥水かさかさお化け」,FALSE,TRUE,FALSE
875,th12,星蓮船,22,2,多々良小傘,Lunatic,雨傘「超撥水かさかさお化け」,FALSE,TRUE,FALSE
876,th12,星蓮船,23,2,多々良小傘,Easy,化符「忘れ傘の夜行列車」,FALSE,TRUE,FALSE
877,th12,星蓮船,24,2,多々良小傘,Normal,化符「忘れ傘の夜行列車」,FALSE,TRUE,FALSE
878,th12,星蓮船,25,2,多々良小傘,Hard,化鉄「置き傘特急ナイトカーニバル」,FALSE,TRUE,FALSE
879,th12,星蓮船,26,2,多々良小傘,Lunatic,化鉄「置き傘特急ナイトカーニバル」,FALSE,TRUE,FALSE
880,th12,星蓮船,27,3,雲居一輪,Easy,鉄拳「問答無用の妖怪拳」,FALSE,TRUE,FALSE
881,th12,星蓮船,28,3,雲居一輪,Normal,鉄拳「問答無用の妖怪拳」,FALSE,TRUE,FALSE
882,th12,星蓮船,29,3,雲居一輪,Hard,神拳「雲上地獄突き」,FALSE,TRUE,FALSE
883,th12,星蓮船,30,3,雲居一輪,Lunatic,神拳「天海地獄突き」,FALSE,TRUE,FALSE
884,th12,星蓮船,31,3,雲居一輪,Easy,拳符「天網サンドバッグ」,FALSE,TRUE,FALSE
885,th12,星蓮船,32,3,雲居一輪,Normal,拳符「天網サンドバッグ」,FALSE,TRUE,FALSE
886,th12,星蓮船,33,3,雲居一輪,Hard,連打「雲界クラーケン殴り」,FALSE,TRUE,FALSE
887,th12,星蓮船,34,3,雲居一輪,Lunatic,連打「キングクラーケン殴り」,FALSE,TRUE,FALSE
888,th12,星蓮船,35,3,雲居一輪,Easy,拳打「げんこつスマッシュ」,FALSE,TRUE,FALSE
889,th12,星蓮船,36,3,雲居一輪,Normal,拳打「げんこつスマッシュ」,FALSE,TRUE,FALSE
890,th12,星蓮船,37,3,雲居一輪,Hard,潰滅「天上天下連続フック」,FALSE,TRUE,FALSE
891,th12,星蓮船,38,3,雲居一輪,Lunatic,潰滅「天上天下連続フック」,FALSE,TRUE,FALSE
892,th12,星蓮船,39,3,雲居一輪,Easy,大喝「時代親父大目玉」,FALSE,TRUE,FALSE
893,th12,星蓮船,40,3,雲居一輪,Normal,大喝「時代親父大目玉」,FALSE,TRUE,FALSE
894,th12,星蓮船,41,3,雲居一輪,Hard,忿怒「天変大目玉焼き」,FALSE,TRUE,FALSE
895,th12,星蓮船,42,3,雲居一輪,Lunatic,忿怒「空前絶後大目玉焼き」,FALSE,TRUE,FALSE
896,th12,星蓮船,43,4,村紗水蜜,Easy,転覆「道連れアンカー」,FALSE,TRUE,FALSE
897,th12,星蓮船,44,4,村紗水蜜,Normal,転覆「道連れアンカー」,FALSE,TRUE,FALSE
898,th12,星蓮船,45,4,村紗水蜜,Hard,転覆「沈没アンカー」,FALSE,TRUE,FALSE
899,th12,星蓮船,46,4,村紗水蜜,Lunatic,転覆「撃沈アンカー」,FALSE,TRUE,FALSE
900,th12,星蓮船,47,4,村紗水蜜,Easy,溺符「ディープヴォーテックス」,FALSE,TRUE,FALSE
901,th12,星蓮船,48,4,村紗水蜜,Normal,溺符「ディープヴォーテックス」,FALSE,TRUE,FALSE
902,th12,星蓮船,49,4,村紗水蜜,Hard,溺符「シンカブルヴォーテックス」,FALSE,TRUE,FALSE
903,th12,星蓮船,50,4,村紗水蜜,Lunatic,溺符「シンカブルヴォーテックス」,FALSE,TRUE,FALSE
904,th12,星蓮船,51,4,村紗水蜜,Easy,湊符「ファントムシップハーバー」,FALSE,TRUE,FALSE
905,th12,星蓮船,52,4,村紗水蜜,Normal,湊符「ファントムシップハーバー」,FALSE,TRUE,FALSE
906,th12,星蓮船,53,4,村紗水蜜,Hard,湊符「幽霊船の港」,FALSE,TRUE,FALSE
907,th12,星蓮船,54,4,村紗水蜜,Lunatic,湊符「幽霊船永久停泊」,FALSE,TRUE,FALSE
908,th12,星蓮船,55,4,村紗水蜜,Normal,幽霊「シンカーゴースト」,TRUE,TRUE,FALSE
909,th12,星蓮船,56,4,村紗水蜜,Hard,幽霊「忍び寄る柄杓」,TRUE,TRUE,FALSE
910,th12,星蓮船,57,4,村紗水蜜,Lunatic,幽霊「忍び寄る柄杓」,TRUE,TRUE,FALSE
911,th12,星蓮船,58,5,ナズーリン,Easy,宝塔「グレイテストトレジャー」,FALSE,TRUE,FALSE
912,th12,星蓮船,59,5,ナズーリン,Normal,宝塔「グレイテストトレジャー」,FALSE,TRUE,FALSE
913,th12,星蓮船,60,5,ナズーリン,Hard,宝塔「グレイテストトレジャー」,FALSE,TRUE,FALSE
914,th12,星蓮船,61,5,ナズーリン,Lunatic,宝塔「グレイテストトレジャー」,FALSE,TRUE,FALSE
915,th12,星蓮船,62,5,寅丸星,Easy,宝塔「レイディアントトレジャー」,FALSE,TRUE,FALSE
916,th12,星蓮船,63,5,寅丸星,Normal,宝塔「レイディアントトレジャー」,FALSE,TRUE,FALSE
917,th12,星蓮船,64,5,寅丸星,Hard,宝塔「レイディアントトレジャーガン」,FALSE,TRUE,FALSE
918,th12,星蓮船,65,5,寅丸星,Lunatic,宝塔「レイディアントトレジャーガン」,FALSE,TRUE,FALSE
919,th12,星蓮船,66,5,寅丸星,Easy,光符「アブソリュートジャスティス」,FALSE,TRUE,FALSE
920,th12,星蓮船,67,5,寅丸星,Normal,光符「アブソリュートジャスティス」,FALSE,TRUE,FALSE
921,th12,星蓮船,68,5,寅丸星,Hard,光符「正義の威光」,FALSE,TRUE,FALSE
922,th12,星蓮船,69,5,寅丸星,Lunatic,光符「正義の威光」,FALSE,TRUE,FALSE
923,th12,星蓮船,70,5,寅丸星,Easy,法力「至宝の独鈷杵」,FALSE,TRUE,FALSE
924,th12,星蓮船,71,5,寅丸星,Normal,法力「至宝の独鈷杵」,FALSE,TRUE,FALSE
925,th12,星蓮船,72,5,寅丸星,Hard,法灯「隙間無い法の独鈷杵」,FALSE,TRUE,FALSE
926,th12,星蓮船,73,5,寅丸星,Lunatic,法灯「隙間無い法の独鈷杵」,FALSE,TRUE,FALSE
927,th12,星蓮船,74,5,寅丸星,Easy,光符「浄化の魔」,FALSE,TRUE,FALSE
928,th12,星蓮船,75,5,寅丸星,Normal,光符「浄化の魔」,FALSE,TRUE,FALSE
929,th12,星蓮船,76,5,寅丸星,Hard,光符「浄化の魔」,FALSE,TRUE,FALSE
930,th12,星蓮船,77,5,寅丸星,Lunatic,「コンプリートクラリフィケイション」,FALSE,TRUE,FALSE
931,th12,星蓮船,78,6,聖白蓮,Easy,魔法「紫雲のオーメン」,FALSE,TRUE,FALSE
932,th12,星蓮船,79,6,聖白蓮,Normal,魔法「紫雲のオーメン」,FALSE,TRUE,FALSE
933,th12,星蓮船,80,6,聖白蓮,Hard,吉兆「紫の雲路」,FALSE,TRUE,FALSE
934,th12,星蓮船,81,6,聖白蓮,Lunatic,吉兆「極楽の紫の雲路」,FALSE,TRUE,FALSE
935,th12,星蓮船,82,6,聖白蓮,Easy,魔法「魔界蝶の妖香」,FALSE,TRUE,FALSE
936,th12,星蓮船,83,6,聖白蓮,Normal,魔法「魔界蝶の妖香」,FALSE,TRUE,FALSE
937,th12,星蓮船,84,6,聖白蓮,Hard,魔法「マジックバタフライ」,FALSE,TRUE,FALSE
938,th12,星蓮船,85,6,聖白蓮,Lunatic,魔法「マジックバタフライ」,FALSE,TRUE,FALSE
939,th12,星蓮船,86,6,聖白蓮,Easy,光魔「スターメイルシュトロム」,FALSE,TRUE,FALSE
940,th12,星蓮船,87,6,聖白蓮,Normal,光魔「スターメイルシュトロム」,FALSE,TRUE,FALSE
941,th12,星蓮船,88,6,聖白蓮,Hard,光魔「魔法銀河系」,FALSE,TRUE,FALSE
942,th12,星蓮船,89,6,聖白蓮,Lunatic,光魔「魔法銀河系」,FALSE,TRUE,FALSE
943,th12,星蓮船,90,6,聖白蓮,Easy,大魔法「魔神復誦」,FALSE,TRUE,FALSE
944,th12,星蓮船,91,6,聖白蓮,Normal,大魔法「魔神復誦」,FALSE,TRUE,FALSE
945,th12,星蓮船,92,6,聖白蓮,Hard,大魔法「魔神復誦」,FALSE,TRUE,FALSE
946,th12,星蓮船,93,6,聖白蓮,Lunatic,大魔法「魔神復誦」,FALSE,TRUE,FALSE
947,th12,星蓮船,94,6,聖白蓮,Normal,「聖尼公のエア巻物」,FALSE,TRUE,FALSE
948,th12,星蓮船,95,6,聖白蓮,Hard,「聖尼公のエア巻物」,FALSE,TRUE,FALSE
949,th12,星蓮船,96,6,聖白蓮,Lunatic,超人「聖白蓮」,FALSE,TRUE,FALSE
950,th12,星蓮船,97,6,聖白蓮,Easy,飛鉢「フライングファンタスティカ」,FALSE,TRUE,FALSE
951,th12,星蓮船,98,6,聖白蓮,Normal,飛鉢「フライングファンタスティカ」,FALSE,TRUE,FALSE
952,th12,星蓮船,99,6,聖白蓮,Hard,飛鉢「伝説の飛空円盤」,FALSE,TRUE,FALSE
953,th12,星蓮船,100,6,聖白蓮,Lunatic,飛鉢「伝説の飛空円盤」,FALSE,TRUE,FALSE
954,th12,星蓮船,101,Ex,多々良小傘,Ex,傘符「大粒の涙雨」,FALSE,TRUE,FALSE
955,th12,星蓮船,102,Ex,多々良小傘,Ex,驚雨「ゲリラ台風」,FALSE,TRUE,FALSE
956,th12,星蓮船,103,Ex,多々良小傘,Ex,後光「からかさ驚きフラッシュ」,FALSE,TRUE,FALSE
957,th12,星蓮船,104,Ex,封獣ぬえ,Ex,妖雲「平安のダーククラウド」,FALSE,TRUE,FALSE
958,th12,星蓮船,105,Ex,封獣ぬえ,Ex,正体不明「忿怒のレッドUFO襲来」,FALSE,TRUE,FALSE
959,th12,星蓮船,106,Ex,封獣ぬえ,Ex,鵺符「鵺的スネークショー」,FALSE,TRUE,FALSE
960,th12,星蓮船,107,Ex,封獣ぬえ,Ex,正体不明「哀愁のブルーUFO襲来」,FALSE,TRUE,FALSE
961,th12,星蓮船,108,Ex,封獣ぬえ,Ex,鵺符「弾幕キメラ」,FALSE,TRUE,FALSE
962,th12,星蓮船,109,Ex,封獣ぬえ,Ex,正体不明「義心のグリーンUFO襲来」,FALSE,TRUE,FALSE
963,th12,星蓮船,110,Ex,封獣ぬえ,Ex,鵺符「アンディファインドダークネス」,FALSE,TRUE,FALSE
964,th12,星蓮船,111,Ex,封獣ぬえ,Ex,正体不明「恐怖の虹色UFO襲来」,FALSE,TRUE,FALSE
965,th12,星蓮船,112,Ex,封獣ぬえ,Ex,「平安京の悪夢」,TRUE,TRUE,FALSE
966,th12,星蓮船,113,Ex,封獣ぬえ,Ex,恨弓「源三位頼政の弓」,FALSE,TRUE,FALSE
967,th12.5,ダブルスポイラー,1,LEVEL 1,秋 静葉,,秋符「フォーリンブラスト」,FALSE,FALSE,FALSE
968,th12.5,ダブルスポイラー,2,LEVEL 1,秋 穣子,,実符「ウォームカラーハーヴェスト」,FALSE,FALSE,FALSE
969,th12.5,ダブルスポイラー,3,LEVEL 1,秋 静葉,,枯道「ロストウィンドロウ」,FALSE,FALSE,FALSE
970,th12.5,ダブルスポイラー,4,LEVEL 1,秋 穣子,,焼芋「スイートポテトルーム」,FALSE,FALSE,FALSE
971,th12.5,ダブルスポイラー,5,LEVEL 2,水橋 パルスィ,,嫉妬「ジェラシーボンバー」,FALSE,FALSE,FALSE
972,th12.5,ダブルスポイラー,6,LEVEL 2,鍵山 雛,,厄野「禊川の堆積」,FALSE,FALSE,FALSE
973,th12.5,ダブルスポイラー,7,LEVEL 2,水橋 パルスィ,,怨み念法「積怨返し」,FALSE,FALSE,FALSE
974,th12.5,ダブルスポイラー,8,LEVEL 2,鍵山 雛,,災禍「呪いの雛人形」,FALSE,FALSE,FALSE
975,th12.5,ダブルスポイラー,9,LEVEL 3,多々良 小傘,,傘符「一本足ピッチャー返し」,FALSE,FALSE,FALSE
976,th12.5,ダブルスポイラー,10,LEVEL 3,キスメ,,釣瓶「飛んで井の中」,FALSE,FALSE,FALSE
977,th12.5,ダブルスポイラー,11,LEVEL 3,黒谷 ヤマメ,,細綱「カンダタロープ」,FALSE,FALSE,FALSE
978,th12.5,ダブルスポイラー,12,LEVEL 3,多々良 小傘,,虹符「オーバー・ザ・レインボー」,FALSE,FALSE,FALSE
979,th12.5,ダブルスポイラー,13,LEVEL 3,キスメ,,釣瓶「ウェルディストラクター」,FALSE,FALSE,FALSE
980,th12.5,ダブルスポイラー,14,LEVEL 3,黒谷 ヤマメ,,毒符「樺黄小町」,FALSE,FALSE,FALSE
981,th12.5,ダブルスポイラー,15,LEVEL 3,多々良 小傘,,傘符「細雪の過客」,FALSE,FALSE,FALSE
982,th12.5,ダブルスポイラー,16,LEVEL 4,河城 にとり,,水符「ウォーターカーペット」,FALSE,FALSE,FALSE
983,th12.5,ダブルスポイラー,17,LEVEL 4,犬走 椛,,狗符「レイビーズバイト」,FALSE,FALSE,FALSE
984,th12.5,ダブルスポイラー,18,LEVEL 4,河城 にとり,,河符「ディバイディングエッジ」,FALSE,FALSE,FALSE
985,th12.5,ダブルスポイラー,19,LEVEL 4,犬走 椛,,山窩「エクスペリーズカナン」,FALSE,FALSE,FALSE
986,th12.5,ダブルスポイラー,20,LEVEL 4,河城 にとり,,河童「乾燥尻子玉」,FALSE,FALSE,FALSE
987,th12.5,ダブルスポイラー,21,LEVEL 5,雲居 一輪＆雲山,,拳骨「天空鉄槌落とし」,FALSE,FALSE,FALSE
988,th12.5,ダブルスポイラー,22,LEVEL 5,村紗 水蜜,,錨符「幽霊船長期停泊」,FALSE,FALSE,FALSE
989,th12.5,ダブルスポイラー,23,LEVEL 5,雲居 一輪＆雲山,,稲妻「帯電入道」,FALSE,FALSE,FALSE
990,th12.5,ダブルスポイラー,24,LEVEL 5,村紗 水蜜,,浸水「船底のヴィーナス」,FALSE,FALSE,FALSE
991,th12.5,ダブルスポイラー,25,LEVEL 5,雲居 一輪＆雲山,,鉄拳「入道にょき」,FALSE,FALSE,FALSE
992,th12.5,ダブルスポイラー,26,LEVEL 5,村紗 水蜜,,「ディープシンカー」,FALSE,FALSE,FALSE
993,th12.5,ダブルスポイラー,27,LEVEL 6,星熊 勇儀,,光鬼「金剛螺旋」,FALSE,FALSE,FALSE
994,th12.5,ダブルスポイラー,28,LEVEL 6,伊吹 萃香,,鬼符「豆粒大の針地獄」,FALSE,FALSE,FALSE
995,th12.5,ダブルスポイラー,29,LEVEL 6,星熊 勇儀,,鬼符「鬼気狂瀾」,FALSE,FALSE,FALSE
996,th12.5,ダブルスポイラー,30,LEVEL 6,伊吹 萃香,,地獄「煉獄吐息」,FALSE,FALSE,FALSE
997,th12.5,ダブルスポイラー,31,LEVEL 6,星熊 勇儀,,鬼声「壊滅の咆哮」,FALSE,FALSE,FALSE
998,th12.5,ダブルスポイラー,32,LEVEL 6,伊吹 萃香,,鬼符「ミッシングパワー」,FALSE,FALSE,FALSE
999,th12.5,ダブルスポイラー,33,LEVEL 7,寅丸 星,,寅符「ハングリータイガー」,FALSE,FALSE,FALSE
1000,th12.5,ダブルスポイラー,34,LEVEL 7,ナズーリン,,棒符「ナズーリンロッド」,FALSE,FALSE,FALSE
1001,th12.5,ダブルスポイラー,35,LEVEL 7,寅丸 星,,天符「焦土曼荼羅」,FALSE,FALSE,FALSE
1002,th12.5,ダブルスポイラー,36,LEVEL 7,ナズーリン,,財宝「ゴールドラッシュ」,FALSE,FALSE,FALSE
1003,th12.5,ダブルスポイラー,37,LEVEL 7,寅丸 星,,宝符「黄金の震眩」,FALSE,FALSE,FALSE
1004,th12.5,ダブルスポイラー,38,LEVEL 8,霊烏路 空,,熔解「メルティングホワイト」,FALSE,FALSE,FALSE
1005,th12.5,ダブルスポイラー,39,LEVEL 8,火焔猫 燐,,死符「ゴーストタウン」,FALSE,FALSE,FALSE
1006,th12.5,ダブルスポイラー,40,LEVEL 8,霊烏路 空,,巨星「レッドジャイアント」,FALSE,FALSE,FALSE
1007,th12.5,ダブルスポイラー,41,LEVEL 8,火焔猫 燐,,「死体繁華街」,FALSE,FALSE,FALSE
1008,th12.5,ダブルスポイラー,42,LEVEL 8,霊烏路 空,,星符「巨星墜つ」,FALSE,FALSE,FALSE
1009,th12.5,ダブルスポイラー,43,LEVEL 8,火焔猫 燐,,酔歩「キャットランダムウォーク」,FALSE,FALSE,FALSE
1010,th12.5,ダブルスポイラー,44,LEVEL 8,霊烏路 空,,七星「セプテントリオン」,FALSE,FALSE,FALSE
1011,th12.5,ダブルスポイラー,45,LEVEL 9,古明地 こいし,,心符「没我の愛」,FALSE,FALSE,FALSE
1012,th12.5,ダブルスポイラー,46,LEVEL 9,古明地 さとり,,脳符「ブレインフィンガープリント」,FALSE,FALSE,FALSE
1013,th12.5,ダブルスポイラー,47,LEVEL 9,古明地 こいし,,記憶「ＤＮＡの瑕」,FALSE,FALSE,FALSE
1014,th12.5,ダブルスポイラー,48,LEVEL 9,古明地 さとり,,心花「カメラシャイローズ」,FALSE,FALSE,FALSE
1015,th12.5,ダブルスポイラー,49,LEVEL 9,古明地 こいし,,「胎児の夢」,FALSE,FALSE,FALSE
1016,th12.5,ダブルスポイラー,50,LEVEL 9,古明地 さとり,,想起「うろおぼえの金閣寺」,FALSE,FALSE,FALSE
1017,th12.5,ダブルスポイラー,51,LEVEL 9,古明地 こいし,,「ローズ地獄」,FALSE,FALSE,FALSE
1018,th12.5,ダブルスポイラー,52,LEVEL 10,比那名居 天子,,気性「勇気凛々の剣」,FALSE,FALSE,FALSE
1019,th12.5,ダブルスポイラー,53,LEVEL 10,永江 衣玖,,雷符「ライトニングフィッシュ」,FALSE,FALSE,FALSE
1020,th12.5,ダブルスポイラー,54,LEVEL 10,比那名居 天子,,地震「避難険路」,FALSE,FALSE,FALSE
1021,th12.5,ダブルスポイラー,55,LEVEL 10,永江 衣玖,,珠符「五爪龍の珠」,FALSE,FALSE,FALSE
1022,th12.5,ダブルスポイラー,56,LEVEL 10,比那名居 天子,,要石「カナメファンネル」,FALSE,FALSE,FALSE
1023,th12.5,ダブルスポイラー,57,LEVEL 10,永江 衣玖,,龍宮「タイヤヒラメダンス」,FALSE,FALSE,FALSE
1024,th12.5,ダブルスポイラー,58,LEVEL 10,比那名居 天子,,「全人類の緋想天」,FALSE,FALSE,FALSE
1025,th12.5,ダブルスポイラー,59,LEVEL 10,永江 衣玖,,龍魚「龍宮の使い遊泳弾」,FALSE,FALSE,FALSE
1026,th12.5,ダブルスポイラー,60,LEVEL 11,洩矢 諏訪子,,神桜「湛えの桜吹雪」,FALSE,FALSE,FALSE
1027,th12.5,ダブルスポイラー,61,LEVEL 11,八坂 神奈子,,蛇符「グラウンドサーペント」,FALSE,FALSE,FALSE
1028,th12.5,ダブルスポイラー,62,LEVEL 11,洩矢 諏訪子,,姫川「プリンセスジェイドグリーン」,FALSE,FALSE,FALSE
1029,th12.5,ダブルスポイラー,63,LEVEL 11,八坂 神奈子,,御柱「メテオリックオンバシラ」,FALSE,FALSE,FALSE
1030,th12.5,ダブルスポイラー,64,LEVEL 11,洩矢 諏訪子,,鉄輪「ミシカルリング」,FALSE,FALSE,FALSE
1031,th12.5,ダブルスポイラー,65,LEVEL 11,八坂 神奈子,,儚道「御神渡りクロス」,FALSE,FALSE,FALSE
1032,th12.5,ダブルスポイラー,66,LEVEL 11,洩矢 諏訪子,,土着神「御射軍神さま」,FALSE,FALSE,FALSE
1033,th12.5,ダブルスポイラー,67,LEVEL 12,封獣 ぬえ,,正体不明「紫鏡」,FALSE,FALSE,FALSE
1034,th12.5,ダブルスポイラー,68,LEVEL 12,聖 白蓮,,「遊行聖」,FALSE,FALSE,FALSE
1035,th12.5,ダブルスポイラー,69,LEVEL 12,封獣 ぬえ,,正体不明「赤マント青マント」,FALSE,FALSE,FALSE
1036,th12.5,ダブルスポイラー,70,LEVEL 12,聖 白蓮,,習合「垂迹大日如来」,FALSE,FALSE,FALSE
1037,th12.5,ダブルスポイラー,71,LEVEL 12,封獣 ぬえ,,正体不明「厠の花子さん」,FALSE,FALSE,FALSE
1038,th12.5,ダブルスポイラー,72,LEVEL 12,聖 白蓮,,「スターソードの護法」,FALSE,FALSE,FALSE
1039,th12.5,ダブルスポイラー,73,LEVEL 12,封獣 ぬえ,,「遊星よりの弾幕Ｘ」,FALSE,FALSE,FALSE
1040,th12.5,ダブルスポイラー,74,LEVEL Ex,博麗 霊夢,,お札「新聞拡張団調伏」,FALSE,FALSE,FALSE
1041,th12.5,ダブルスポイラー,75,LEVEL Ex,霧雨 魔理沙,,星符「オールトクラウド」,FALSE,FALSE,FALSE
1042,th12.5,ダブルスポイラー,76,LEVEL Ex,東風谷 早苗,,奇跡「弘安の神風」,FALSE,FALSE,FALSE
1043,th12.5,ダブルスポイラー,77,LEVEL Ex,博麗 霊夢,,結界「パパラッチ撃退結界」,FALSE,FALSE,FALSE
1044,th12.5,ダブルスポイラー,78,LEVEL Ex,霧雨 魔理沙,,天儀「オーレリーズソーラーシステム」,FALSE,FALSE,FALSE
1045,th12.5,ダブルスポイラー,79,LEVEL Ex,東風谷 早苗,,蛙符「手管の蝦蟇」,FALSE,FALSE,FALSE
1046,th12.5,ダブルスポイラー,80,LEVEL Ex,博麗 霊夢,,夢符「夢想亜空穴」,FALSE,FALSE,FALSE
1047,th12.5,ダブルスポイラー,81,LEVEL Ex,霧雨 魔理沙,,彗星「ブレイジングスター」,FALSE,FALSE,FALSE
1048,th12.5,ダブルスポイラー,82,LEVEL Ex,東風谷 早苗,,妖怪退治「妖力スポイラー」,FALSE,FALSE,FALSE
1049,th12.5,ダブルスポイラー,83,SPOILER,姫海棠 はたて,,取材「姫海棠はたての練習取材」,FALSE,FALSE,FALSE
1050,th12.5,ダブルスポイラー,84,SPOILER,姫海棠 はたて,,連写「ラピッドショット」,FALSE,FALSE,FALSE
1051,th12.5,ダブルスポイラー,85,SPOILER,姫海棠 はたて,,遠眼「天狗サイコグラフィ」,FALSE,FALSE,FALSE
1052,th12.5,ダブルスポイラー,86,SPOILER,射命丸 文,,取材「射命丸文の圧迫取材」,FALSE,FALSE,FALSE
1053,th12.5,ダブルスポイラー,87,SPOILER,射命丸 文,,望遠「キャンディッドショット」,FALSE,FALSE,FALSE
1054,th12.5,ダブルスポイラー,88,SPOILER,射命丸 文,,速写「ファストショット」,FALSE,FALSE,FALSE
1055,th12.5,ダブルスポイラー,89,SPOILER,射命丸 文,,「幻想風靡」,FALSE,FALSE,FALSE
1056,th12.8,妖精大戦争,1,A-1,ルナチャイルド,Easy,月符「ルナティックレイン」,FALSE,FALSE,FALSE
1057,th12.8,妖精大戦争,2,A-1,ルナチャイルド,Normal,月符「ルナティックレイン」,FALSE,FALSE,FALSE
1058,th12.8,妖精大戦争,3,A-1,ルナチャイルド,Hard,月符「ルナティックレイン」,FALSE,FALSE,FALSE
1059,th12.8,妖精大戦争,4,A-1,ルナチャイルド,Lunatic,月符「ルナティックレイン」,FALSE,FALSE,FALSE
1060,th12.8,妖精大戦争,5,A-1,ルナチャイルド,Easy,月符「ルナサイクロン」,FALSE,FALSE,FALSE
1061,th12.8,妖精大戦争,6,A-1,ルナチャイルド,Normal,月符「ルナサイクロン」,FALSE,FALSE,FALSE
1062,th12.8,妖精大戦争,7,A-1,ルナチャイルド,Hard,月符「ルナサイクロン」,FALSE,FALSE,FALSE
1063,th12.8,妖精大戦争,8,A-1,ルナチャイルド,Lunatic,月符「ルナサイクロン」,FALSE,FALSE,FALSE
1064,th12.8,妖精大戦争,9,A1-2,スターサファイア,Easy,流星「プチコメット」,FALSE,FALSE,FALSE
1065,th12.8,妖精大戦争,10,A1-2,スターサファイア,Normal,流星「プチコメット」,FALSE,FALSE,FALSE
1066,th12.8,妖精大戦争,11,A1-2,スターサファイア,Hard,流星「プチコメット」,FALSE,FALSE,FALSE
1067,th12.8,妖精大戦争,12,A1-2,スターサファイア,Lunatic,流星「プチコメット」,FALSE,FALSE,FALSE
1068,th12.8,妖精大戦争,13,A1-2,スターサファイア,Easy,星粒「スプリンクルピース」,FALSE,FALSE,FALSE
1069,th12.8,妖精大戦争,14,A1-2,スターサファイア,Normal,星粒「スプリンクルピース」,FALSE,FALSE,FALSE
1070,th12.8,妖精大戦争,15,A1-2,スターサファイア,Hard,星粒「スプリンクルピース」,FALSE,FALSE,FALSE
1071,th12.8,妖精大戦争,16,A1-2,スターサファイア,Lunatic,星粒「スプリンクルピース」,FALSE,FALSE,FALSE
1072,th12.8,妖精大戦争,17,A1-2,スターサファイア,Easy,星符「トゥインクルサファイア」,FALSE,FALSE,FALSE
1073,th12.8,妖精大戦争,18,A1-2,スターサファイア,Normal,星符「トゥインクルサファイア」,FALSE,FALSE,FALSE
1074,th12.8,妖精大戦争,19,A1-2,スターサファイア,Hard,星符「トゥインクルサファイア」,FALSE,FALSE,FALSE
1075,th12.8,妖精大戦争,20,A1-2,スターサファイア,Lunatic,星符「トゥインクルサファイア」,FALSE,FALSE,FALSE
1076,th12.8,妖精大戦争,21,A1-3,サニーミルク,Easy,陽光「サンシャインブラスト」,FALSE,FALSE,FALSE
1077,th12.8,妖精大戦争,22,A1-3,サニーミルク,Normal,陽光「サンシャインブラスト」,FALSE,FALSE,FALSE
1078,th12.8,妖精大戦争,23,A1-3,サニーミルク,Hard,陽光「サンシャインブラスト」,FALSE,FALSE,FALSE
1079,th12.8,妖精大戦争,24,A1-3,サニーミルク,Lunatic,陽光「サンシャインブラスト」,FALSE,FALSE,FALSE
1080,th12.8,妖精大戦争,25,A1-3,サニーミルク,Easy,光符「ルチルフレクション」,FALSE,FALSE,FALSE
1081,th12.8,妖精大戦争,26,A1-3,サニーミルク,Normal,光符「ルチルフレクション」,FALSE,FALSE,FALSE
1082,th12.8,妖精大戦争,27,A1-3,サニーミルク,Hard,光符「ルチルフレクション」,FALSE,FALSE,FALSE
1083,th12.8,妖精大戦争,28,A1-3,サニーミルク,Lunatic,光符「ルチルフレクション」,FALSE,FALSE,FALSE
1084,th12.8,妖精大戦争,29,A1-3,サニーミルク,Easy,日熱「アイスディゾルバー」,FALSE,FALSE,FALSE
1085,th12.8,妖精大戦争,30,A1-3,サニーミルク,Normal,日熱「アイスディゾルバー」,FALSE,FALSE,FALSE
1086,th12.8,妖精大戦争,31,A1-3,サニーミルク,Hard,日熱「アイスディゾルバー」,FALSE,FALSE,FALSE
1087,th12.8,妖精大戦争,32,A1-3,サニーミルク,Lunatic,日熱「アイスディゾルバー」,FALSE,FALSE,FALSE
1088,th12.8,妖精大戦争,33,A1-3,サニーミルク,Easy,空符「エルフィンキャノピー」,FALSE,FALSE,FALSE
1089,th12.8,妖精大戦争,34,A1-3,サニーミルク,Normal,空符「エルフィンキャノピー」,FALSE,FALSE,FALSE
1090,th12.8,妖精大戦争,35,A1-3,サニーミルク,Hard,空符「エルフィンキャノピー」,FALSE,FALSE,FALSE
1091,th12.8,妖精大戦争,36,A1-3,サニーミルク,Lunatic,空符「エルフィンキャノピー」,FALSE,FALSE,FALSE
1092,th12.8,妖精大戦争,37,A1-3,サニーミルク,Easy,協力技「フェアリーオーバードライブ」,FALSE,FALSE,FALSE
1093,th12.8,妖精大戦争,38,A1-3,サニーミルク,Normal,協力技「フェアリーオーバードライブ」,FALSE,FALSE,FALSE
1094,th12.8,妖精大戦争,39,A1-3,サニーミルク,Hard,協力技「フェアリーオーバードライブ」,FALSE,FALSE,FALSE
1095,th12.8,妖精大戦争,40,A1-3,サニーミルク,Lunatic,協力技「フェアリーオーバードライブ」,FALSE,FALSE,FALSE
1096,th12.8,妖精大戦争,41,A1-3,サニーミルク,Easy,「スリーフェアリーズ」,FALSE,FALSE,FALSE
1097,th12.8,妖精大戦争,42,A1-3,サニーミルク,Normal,「スリーフェアリーズ」,FALSE,FALSE,FALSE
1098,th12.8,妖精大戦争,43,A1-3,サニーミルク,Hard,「スリーフェアリーズ」,FALSE,FALSE,FALSE
1099,th12.8,妖精大戦争,44,A1-3,サニーミルク,Lunatic,「スリーフェアリーズ」,FALSE,FALSE,FALSE
1100,th12.8,妖精大戦争,45,A2-2,サニーミルク,Easy,虹光「プリズムフラッシュ」,FALSE,FALSE,FALSE
1101,th12.8,妖精大戦争,46,A2-2,サニーミルク,Normal,虹光「プリズムフラッシュ」,FALSE,FALSE,FALSE
1102,th12.8,妖精大戦争,47,A2-2,サニーミルク,Hard,虹光「プリズムフラッシュ」,FALSE,FALSE,FALSE
1103,th12.8,妖精大戦争,48,A2-2,サニーミルク,Lunatic,虹光「プリズムフラッシュ」,FALSE,FALSE,FALSE
1104,th12.8,妖精大戦争,49,A2-2,サニーミルク,Easy,光精「ダイアモンドリング」,FALSE,FALSE,FALSE
1105,th12.8,妖精大戦争,50,A2-2,サニーミルク,Normal,光精「ダイアモンドリング」,FALSE,FALSE,FALSE
1106,th12.8,妖精大戦争,51,A2-2,サニーミルク,Hard,光精「ダイアモンドリング」,FALSE,FALSE,FALSE
1107,th12.8,妖精大戦争,52,A2-2,サニーミルク,Lunatic,光精「ダイアモンドリング」,FALSE,FALSE,FALSE
1108,th12.8,妖精大戦争,53,A2-2,サニーミルク,Easy,光符「ブルーディフレクション」,FALSE,FALSE,FALSE
1109,th12.8,妖精大戦争,54,A2-2,サニーミルク,Normal,光符「ブルーディフレクション」,FALSE,FALSE,FALSE
1110,th12.8,妖精大戦争,55,A2-2,サニーミルク,Hard,光符「ブルーディフレクション」,FALSE,FALSE,FALSE
1111,th12.8,妖精大戦争,56,A2-2,サニーミルク,Lunatic,光符「ブルーディフレクション」,FALSE,FALSE,FALSE
1112,th12.8,妖精大戦争,57,A2-3,スターサファイア,Easy,星光「スターレーザー」,FALSE,FALSE,FALSE
1113,th12.8,妖精大戦争,58,A2-3,スターサファイア,Normal,星光「スターレーザー」,FALSE,FALSE,FALSE
1114,th12.8,妖精大戦争,59,A2-3,スターサファイア,Hard,星光「スターレーザー」,FALSE,FALSE,FALSE
1115,th12.8,妖精大戦争,60,A2-3,スターサファイア,Lunatic,星光「スターレーザー」,FALSE,FALSE,FALSE
1116,th12.8,妖精大戦争,61,A2-3,スターサファイア,Easy,光符「トリプルメテオ」,FALSE,FALSE,FALSE
1117,th12.8,妖精大戦争,62,A2-3,スターサファイア,Normal,光符「トリプルメテオ」,FALSE,FALSE,FALSE
1118,th12.8,妖精大戦争,63,A2-3,スターサファイア,Hard,光符「トリプルメテオ」,FALSE,FALSE,FALSE
1119,th12.8,妖精大戦争,64,A2-3,スターサファイア,Lunatic,光符「トリプルメテオ」,FALSE,FALSE,FALSE
1120,th12.8,妖精大戦争,65,A2-3,スターサファイア,Easy,星熱「アイスディゾルバー」,FALSE,FALSE,FALSE
1121,th12.8,妖精大戦争,66,A2-3,スターサファイア,Normal,星熱「アイスディゾルバー」,FALSE,FALSE,FALSE
1122,th12.8,妖精大戦争,67,A2-3,スターサファイア,Hard,星熱「アイスディゾルバー」,FALSE,FALSE,FALSE
1123,th12.8,妖精大戦争,68,A2-3,スターサファイア,Lunatic,星熱「アイスディゾルバー」,FALSE,FALSE,FALSE
1124,th12.8,妖精大戦争,69,A2-3,スターサファイア,Easy,光星「オリオンベルト」,FALSE,FALSE,FALSE
1125,th12.8,妖精大戦争,70,A2-3,スターサファイア,Normal,光星「オリオンベルト」,FALSE,FALSE,FALSE
1126,th12.8,妖精大戦争,71,A2-3,スターサファイア,Hard,光星「オリオンベルト」,FALSE,FALSE,FALSE
1127,th12.8,妖精大戦争,72,A2-3,スターサファイア,Lunatic,光星「オリオンベルト」,FALSE,FALSE,FALSE
1128,th12.8,妖精大戦争,73,A2-3,スターサファイア,Easy,協力技「フェアリーオーバードライブ」,FALSE,FALSE,FALSE
1129,th12.8,妖精大戦争,74,A2-3,スターサファイア,Normal,協力技「フェアリーオーバードライブ」,FALSE,FALSE,FALSE
1130,th12.8,妖精大戦争,75,A2-3,スターサファイア,Hard,協力技「フェアリーオーバードライブ」,FALSE,FALSE,FALSE
1131,th12.8,妖精大戦争,76,A2-3,スターサファイア,Lunatic,協力技「フェアリーオーバードライブ」,FALSE,FALSE,FALSE
1132,th12.8,妖精大戦争,77,A2-3,スターサファイア,Easy,「スリーフェアリーズ」,FALSE,FALSE,FALSE
1133,th12.8,妖精大戦争,78,A2-3,スターサファイア,Normal,「スリーフェアリーズ」,FALSE,FALSE,FALSE
1134,th12.8,妖精大戦争,79,A2-3,スターサファイア,Hard,「スリーフェアリーズ」,FALSE,FALSE,FALSE
1135,th12.8,妖精大戦争,80,A2-3,スターサファイア,Lunatic,「スリーフェアリーズ」,FALSE,FALSE,FALSE
1136,th12.8,妖精大戦争,81,B-1,サニーミルク,Easy,日符「アグレッシブライト」,FALSE,FALSE,FALSE
1137,th12.8,妖精大戦争,82,B-1,サニーミルク,Normal,日符「アグレッシブライト」,FALSE,FALSE,FALSE
1138,th12.8,妖精大戦争,83,B-1,サニーミルク,Hard,日符「アグレッシブライト」,FALSE,FALSE,FALSE
1139,th12.8,妖精大戦争,84,B-1,サニーミルク,Lunatic,日符「アグレッシブライト」,FALSE,FALSE,FALSE
1140,th12.8,妖精大戦争,85,B-1,サニーミルク,Easy,日符「ダイレクトサンライト」,FALSE,FALSE,FALSE
1141,th12.8,妖精大戦争,86,B-1,サニーミルク,Normal,日符「ダイレクトサンライト」,FALSE,FALSE,FALSE
1142,th12.8,妖精大戦争,87,B-1,サニーミルク,Hard,日符「ダイレクトサンライト」,FALSE,FALSE,FALSE
1143,th12.8,妖精大戦争,88,B-1,サニーミルク,Lunatic,日符「ダイレクトサンライト」,FALSE,FALSE,FALSE
1144,th12.8,妖精大戦争,89,B1-2,スターサファイア,Easy,流星「コメットストリーム」,FALSE,FALSE,FALSE
1145,th12.8,妖精大戦争,90,B1-2,スターサファイア,Normal,流星「コメットストリーム」,FALSE,FALSE,FALSE
1146,th12.8,妖精大戦争,91,B1-2,スターサファイア,Hard,流星「コメットストリーム」,FALSE,FALSE,FALSE
1147,th12.8,妖精大戦争,92,B1-2,スターサファイア,Lunatic,流星「コメットストリーム」,FALSE,FALSE,FALSE
1148,th12.8,妖精大戦争,93,B1-2,スターサファイア,Easy,星粒「スターピースシャワー」,FALSE,FALSE,FALSE
1149,th12.8,妖精大戦争,94,B1-2,スターサファイア,Normal,星粒「スターピースシャワー」,FALSE,FALSE,FALSE
1150,th12.8,妖精大戦争,95,B1-2,スターサファイア,Hard,星粒「スターピースシャワー」,FALSE,FALSE,FALSE
1151,th12.8,妖精大戦争,96,B1-2,スターサファイア,Lunatic,星粒「スターピースシャワー」,FALSE,FALSE,FALSE
1152,th12.8,妖精大戦争,97,B1-2,スターサファイア,Easy,星符「シューティングサファイア」,FALSE,FALSE,FALSE
1153,th12.8,妖精大戦争,98,B1-2,スターサファイア,Normal,星符「シューティングサファイア」,FALSE,FALSE,FALSE
1154,th12.8,妖精大戦争,99,B1-2,スターサファイア,Hard,星符「シューティングサファイア」,FALSE,FALSE,FALSE
1155,th12.8,妖精大戦争,100,B1-2,スターサファイア,Lunatic,星符「シューティングサファイア」,FALSE,FALSE,FALSE
1156,th12.8,妖精大戦争,101,B1-3,ルナチャイルド,Easy,月光「サイレントストーム」,FALSE,FALSE,FALSE
1157,th12.8,妖精大戦争,102,B1-3,ルナチャイルド,Normal,月光「サイレントストーム」,FALSE,FALSE,FALSE
1158,th12.8,妖精大戦争,103,B1-3,ルナチャイルド,Hard,月光「サイレントストーム」,FALSE,FALSE,FALSE
1159,th12.8,妖精大戦争,104,B1-3,ルナチャイルド,Lunatic,月光「サイレントストーム」,FALSE,FALSE,FALSE
1160,th12.8,妖精大戦争,105,B1-3,ルナチャイルド,Easy,光符「ブライトナイト」,FALSE,FALSE,FALSE
1161,th12.8,妖精大戦争,106,B1-3,ルナチャイルド,Normal,光符「ブライトナイト」,FALSE,FALSE,FALSE
1162,th12.8,妖精大戦争,107,B1-3,ルナチャイルド,Hard,光符「ブライトナイト」,FALSE,FALSE,FALSE
1163,th12.8,妖精大戦争,108,B1-3,ルナチャイルド,Lunatic,光符「ブライトナイト」,FALSE,FALSE,FALSE
1164,th12.8,妖精大戦争,109,B1-3,ルナチャイルド,Easy,月熱「アイスディゾルバー」,FALSE,FALSE,FALSE
1165,th12.8,妖精大戦争,110,B1-3,ルナチャイルド,Normal,月熱「アイスディゾルバー」,FALSE,FALSE,FALSE
1166,th12.8,妖精大戦争,111,B1-3,ルナチャイルド,Hard,月熱「アイスディゾルバー」,FALSE,FALSE,FALSE
1167,th12.8,妖精大戦争,112,B1-3,ルナチャイルド,Lunatic,月熱「アイスディゾルバー」,FALSE,FALSE,FALSE
1168,th12.8,妖精大戦争,113,B1-3,ルナチャイルド,Easy,空符「ブレイクキャノピー」,FALSE,FALSE,FALSE
1169,th12.8,妖精大戦争,114,B1-3,ルナチャイルド,Normal,空符「ブレイクキャノピー」,FALSE,FALSE,FALSE
1170,th12.8,妖精大戦争,115,B1-3,ルナチャイルド,Hard,空符「ブレイクキャノピー」,FALSE,FALSE,FALSE
1171,th12.8,妖精大戦争,116,B1-3,ルナチャイルド,Lunatic,空符「ブレイクキャノピー」,FALSE,FALSE,FALSE
1172,th12.8,妖精大戦争,117,B1-3,ルナチャイルド,Easy,協力技「フェアリーオーバードライブ」,FALSE,FALSE,FALSE
1173,th12.8,妖精大戦争,118,B1-3,ルナチャイルド,Normal,協力技「フェアリーオーバードライブ」,FALSE,FALSE,FALSE
1174,th12.8,妖精大戦争,119,B1-3,ルナチャイルド,Hard,協力技「フェアリーオーバードライブ」,FALSE,FALSE,FALSE
1175,th12.8,妖精大戦争,120,B1-3,ルナチャイルド,Lunatic,協力技「フェアリーオーバードライブ」,FALSE,FALSE,FALSE
1176,th12.8,妖精大戦争,121,B1-3,ルナチャイルド,Easy,「スリーフェアリーズ」,FALSE,FALSE,FALSE
1177,th12.8,妖精大戦争,122,B1-3,ルナチャイルド,Normal,「スリーフェアリーズ」,FALSE,FALSE,FALSE
1178,th12.8,妖精大戦争,123,B1-3,ルナチャイルド,Hard,「スリーフェアリーズ」,FALSE,FALSE,FALSE
1179,th12.8,妖精大戦争,124,B1-3,ルナチャイルド,Lunatic,「スリーフェアリーズ」,FALSE,FALSE,FALSE
1180,th12.8,妖精大戦争,125,B2-2,ルナチャイルド,Easy,月光「ダークスティルネス」,FALSE,FALSE,FALSE
1181,th12.8,妖精大戦争,126,B2-2,ルナチャイルド,Normal,月光「ダークスティルネス」,FALSE,FALSE,FALSE
1182,th12.8,妖精大戦争,127,B2-2,ルナチャイルド,Hard,月光「ダークスティルネス」,FALSE,FALSE,FALSE
1183,th12.8,妖精大戦争,128,B2-2,ルナチャイルド,Lunatic,月光「ダークスティルネス」,FALSE,FALSE,FALSE
1184,th12.8,妖精大戦争,129,B2-2,ルナチャイルド,Easy,障光「ムーンライトウォール」,FALSE,FALSE,FALSE
1185,th12.8,妖精大戦争,130,B2-2,ルナチャイルド,Normal,障光「ムーンライトウォール」,FALSE,FALSE,FALSE
1186,th12.8,妖精大戦争,131,B2-2,ルナチャイルド,Hard,障光「ムーンライトウォール」,FALSE,FALSE,FALSE
1187,th12.8,妖精大戦争,132,B2-2,ルナチャイルド,Lunatic,障光「ムーンライトウォール」,FALSE,FALSE,FALSE
1188,th12.8,妖精大戦争,133,B2-2,ルナチャイルド,Easy,夜符「ナイトフェアリーズ」,FALSE,FALSE,FALSE
1189,th12.8,妖精大戦争,134,B2-2,ルナチャイルド,Normal,夜符「ナイトフェアリーズ」,FALSE,FALSE,FALSE
1190,th12.8,妖精大戦争,135,B2-2,ルナチャイルド,Hard,夜符「ナイトフェアリーズ」,FALSE,FALSE,FALSE
1191,th12.8,妖精大戦争,136,B2-2,ルナチャイルド,Lunatic,夜符「ナイトフェアリーズ」,FALSE,FALSE,FALSE
1192,th12.8,妖精大戦争,137,B2-3,スターサファイア,Easy,星光「スターストーム」,FALSE,FALSE,FALSE
1193,th12.8,妖精大戦争,138,B2-3,スターサファイア,Normal,星光「スターストーム」,FALSE,FALSE,FALSE
1194,th12.8,妖精大戦争,139,B2-3,スターサファイア,Hard,星光「スターストーム」,FALSE,FALSE,FALSE
1195,th12.8,妖精大戦争,140,B2-3,スターサファイア,Lunatic,星光「スターストーム」,FALSE,FALSE,FALSE
1196,th12.8,妖精大戦争,141,B2-3,スターサファイア,Easy,光符「エクステンシブメテオ」,FALSE,FALSE,FALSE
1197,th12.8,妖精大戦争,142,B2-3,スターサファイア,Normal,光符「エクステンシブメテオ」,FALSE,FALSE,FALSE
1198,th12.8,妖精大戦争,143,B2-3,スターサファイア,Hard,光符「エクステンシブメテオ」,FALSE,FALSE,FALSE
1199,th12.8,妖精大戦争,144,B2-3,スターサファイア,Lunatic,光符「エクステンシブメテオ」,FALSE,FALSE,FALSE
1200,th12.8,妖精大戦争,145,B2-3,スターサファイア,Easy,星熱「アイスディゾルバー」,FALSE,FALSE,FALSE
1201,th12.8,妖精大戦争,146,B2-3,スターサファイア,Normal,星熱「アイスディゾルバー」,FALSE,FALSE,FALSE
1202,th12.8,妖精大戦争,147,B2-3,スターサファイア,Hard,星熱「アイスディゾルバー」,FALSE,FALSE,FALSE
1203,th12.8,妖精大戦争,148,B2-3,スターサファイア,Lunatic,星熱「アイスディゾルバー」,FALSE,FALSE,FALSE
1204,th12.8,妖精大戦争,149,B2-3,スターサファイア,Easy,光星「グレートトライアングル」,FALSE,FALSE,FALSE
1205,th12.8,妖精大戦争,150,B2-3,スターサファイア,Normal,光星「グレートトライアングル」,FALSE,FALSE,FALSE
1206,th12.8,妖精大戦争,151,B2-3,スターサファイア,Hard,光星「グレートトライアングル」,FALSE,FALSE,FALSE
1207,th12.8,妖精大戦争,152,B2-3,スターサファイア,Lunatic,光星「グレートトライアングル」,FALSE,FALSE,FALSE
1208,th12.8,妖精大戦争,153,B2-3,スターサファイア,Easy,協力技「フェアリーオーバードライブ」,FALSE,FALSE,FALSE
1209,th12.8,妖精大戦争,154,B2-3,スターサファイア,Normal,協力技「フェアリーオーバードライブ」,FALSE,FALSE,FALSE
1210,th12.8,妖精大戦争,155,B2-3,スターサファイア,Hard,協力技「フェアリーオーバードライブ」,FALSE,FALSE,FALSE
1211,th12.8,妖精大戦争,156,B2-3,スターサファイア,Lunatic,協力技「フェアリーオーバードライブ」,FALSE,FALSE,FALSE
1212,th12.8,妖精大戦争,157,B2-3,スターサファイア,Easy,「スリーフェアリーズ」,FALSE,FALSE,FALSE
1213,th12.8,妖精大戦争,158,B2-3,スターサファイア,Normal,「スリーフェアリーズ」,FALSE,FALSE,FALSE
1214,th12.8,妖精大戦争,159,B2-3,スターサファイア,Hard,「スリーフェアリーズ」,FALSE,FALSE,FALSE
1215,th12.8,妖精大戦争,160,B2-3,スターサファイア,Lunatic,「スリーフェアリーズ」,FALSE,FALSE,FALSE
1216,th12.8,妖精大戦争,161,C-1,スターサファイア,Easy,星符「スターライトレイン」,FALSE,FALSE,FALSE
1217,th12.8,妖精大戦争,162,C-1,スターサファイア,Normal,星符「スターライトレイン」,FALSE,FALSE,FALSE
1218,th12.8,妖精大戦争,163,C-1,スターサファイア,Hard,星符「スターライトレイン」,FALSE,FALSE,FALSE
1219,th12.8,妖精大戦争,164,C-1,スターサファイア,Lunatic,星符「スターライトレイン」,FALSE,FALSE,FALSE
1220,th12.8,妖精大戦争,165,C-1,スターサファイア,Easy,星符「レッドスター」,FALSE,FALSE,FALSE
1221,th12.8,妖精大戦争,166,C-1,スターサファイア,Normal,星符「レッドスター」,FALSE,FALSE,FALSE
1222,th12.8,妖精大戦争,167,C-1,スターサファイア,Hard,星符「レッドスター」,FALSE,FALSE,FALSE
1223,th12.8,妖精大戦争,168,C-1,スターサファイア,Lunatic,星符「レッドスター」,FALSE,FALSE,FALSE
1224,th12.8,妖精大戦争,169,C1-2,サニーミルク,Easy,瞬光「フェイタルフラッシュ」,FALSE,FALSE,FALSE
1225,th12.8,妖精大戦争,170,C1-2,サニーミルク,Normal,瞬光「フェイタルフラッシュ」,FALSE,FALSE,FALSE
1226,th12.8,妖精大戦争,171,C1-2,サニーミルク,Hard,瞬光「フェイタルフラッシュ」,FALSE,FALSE,FALSE
1227,th12.8,妖精大戦争,172,C1-2,サニーミルク,Lunatic,瞬光「フェイタルフラッシュ」,FALSE,FALSE,FALSE
1228,th12.8,妖精大戦争,173,C1-2,サニーミルク,Easy,光精「クロスディフュージョン」,FALSE,FALSE,FALSE
1229,th12.8,妖精大戦争,174,C1-2,サニーミルク,Normal,光精「クロスディフュージョン」,FALSE,FALSE,FALSE
1230,th12.8,妖精大戦争,175,C1-2,サニーミルク,Hard,光精「クロスディフュージョン」,FALSE,FALSE,FALSE
1231,th12.8,妖精大戦争,176,C1-2,サニーミルク,Lunatic,光精「クロスディフュージョン」,FALSE,FALSE,FALSE
1232,th12.8,妖精大戦争,177,C1-2,サニーミルク,Easy,光符「イエローディフレクション」,FALSE,FALSE,FALSE
1233,th12.8,妖精大戦争,178,C1-2,サニーミルク,Normal,光符「イエローディフレクション」,FALSE,FALSE,FALSE
1234,th12.8,妖精大戦争,179,C1-2,サニーミルク,Hard,光符「イエローディフレクション」,FALSE,FALSE,FALSE
1235,th12.8,妖精大戦争,180,C1-2,サニーミルク,Lunatic,光符「イエローディフレクション」,FALSE,FALSE,FALSE
1236,th12.8,妖精大戦争,181,C1-3,ルナチャイルド,Easy,月光「サイレントフラワー」,FALSE,FALSE,FALSE
1237,th12.8,妖精大戦争,182,C1-3,ルナチャイルド,Normal,月光「サイレントフラワー」,FALSE,FALSE,FALSE
1238,th12.8,妖精大戦争,183,C1-3,ルナチャイルド,Hard,月光「サイレントフラワー」,FALSE,FALSE,FALSE
1239,th12.8,妖精大戦争,184,C1-3,ルナチャイルド,Lunatic,月光「サイレントフラワー」,FALSE,FALSE,FALSE
1240,th12.8,妖精大戦争,185,C1-3,ルナチャイルド,Easy,光符「フルムーンナイト」,FALSE,FALSE,FALSE
1241,th12.8,妖精大戦争,186,C1-3,ルナチャイルド,Normal,光符「フルムーンナイト」,FALSE,FALSE,FALSE
1242,th12.8,妖精大戦争,187,C1-3,ルナチャイルド,Hard,光符「フルムーンナイト」,FALSE,FALSE,FALSE
1243,th12.8,妖精大戦争,188,C1-3,ルナチャイルド,Lunatic,光符「フルムーンナイト」,FALSE,FALSE,FALSE
1244,th12.8,妖精大戦争,189,C1-3,ルナチャイルド,Easy,月熱「アイスディゾルバー」,FALSE,FALSE,FALSE
1245,th12.8,妖精大戦争,190,C1-3,ルナチャイルド,Normal,月熱「アイスディゾルバー」,FALSE,FALSE,FALSE
1246,th12.8,妖精大戦争,191,C1-3,ルナチャイルド,Hard,月熱「アイスディゾルバー」,FALSE,FALSE,FALSE
1247,th12.8,妖精大戦争,192,C1-3,ルナチャイルド,Lunatic,月熱「アイスディゾルバー」,FALSE,FALSE,FALSE
1248,th12.8,妖精大戦争,193,C1-3,ルナチャイルド,Easy,降光「トリプルライト」,FALSE,FALSE,FALSE
1249,th12.8,妖精大戦争,194,C1-3,ルナチャイルド,Normal,降光「トリプルライト」,FALSE,FALSE,FALSE
1250,th12.8,妖精大戦争,195,C1-3,ルナチャイルド,Hard,降光「トリプルライト」,FALSE,FALSE,FALSE
1251,th12.8,妖精大戦争,196,C1-3,ルナチャイルド,Lunatic,降光「トリプルライト」,FALSE,FALSE,FALSE
1252,th12.8,妖精大戦争,197,C1-3,ルナチャイルド,Easy,協力技「フェアリーオーバードライブ」,FALSE,FALSE,FALSE
1253,th12.8,妖精大戦争,198,C1-3,ルナチャイルド,Normal,協力技「フェアリーオーバードライブ」,FALSE,FALSE,FALSE
1254,th12.8,妖精大戦争,199,C1-3,ルナチャイルド,Hard,協力技「フェアリーオーバードライブ」,FALSE,FALSE,FALSE
1255,th12.8,妖精大戦争,200,C1-3,ルナチャイルド,Lunatic,協力技「フェアリーオーバードライブ」,FALSE,FALSE,FALSE
1256,th12.8,妖精大戦争,201,C1-3,ルナチャイルド,Easy,「スリーフェアリーズ」,FALSE,FALSE,FALSE
1257,th12.8,妖精大戦争,202,C1-3,ルナチャイルド,Normal,「スリーフェアリーズ」,FALSE,FALSE,FALSE
1258,th12.8,妖精大戦争,203,C1-3,ルナチャイルド,Hard,「スリーフェアリーズ」,FALSE,FALSE,FALSE
1259,th12.8,妖精大戦争,204,C1-3,ルナチャイルド,Lunatic,「スリーフェアリーズ」,FALSE,FALSE,FALSE
1260,th12.8,妖精大戦争,205,C2-2,ルナチャイルド,Easy,月光「ムーンスティルネス」,FALSE,FALSE,FALSE
1261,th12.8,妖精大戦争,206,C2-2,ルナチャイルド,Normal,月光「ムーンスティルネス」,FALSE,FALSE,FALSE
1262,th12.8,妖精大戦争,207,C2-2,ルナチャイルド,Hard,月光「ムーンスティルネス」,FALSE,FALSE,FALSE
1263,th12.8,妖精大戦争,208,C2-2,ルナチャイルド,Lunatic,月光「ムーンスティルネス」,FALSE,FALSE,FALSE
1264,th12.8,妖精大戦争,209,C2-2,ルナチャイルド,Easy,光壁「ウォールブレイク」,FALSE,FALSE,FALSE
1265,th12.8,妖精大戦争,210,C2-2,ルナチャイルド,Normal,光壁「ウォールブレイク」,FALSE,FALSE,FALSE
1266,th12.8,妖精大戦争,211,C2-2,ルナチャイルド,Hard,光壁「ウォールブレイク」,FALSE,FALSE,FALSE
1267,th12.8,妖精大戦争,212,C2-2,ルナチャイルド,Lunatic,光壁「ウォールブレイク」,FALSE,FALSE,FALSE
1268,th12.8,妖精大戦争,213,C2-2,ルナチャイルド,Easy,月光「サイレントサイクロン」,FALSE,FALSE,FALSE
1269,th12.8,妖精大戦争,214,C2-2,ルナチャイルド,Normal,月光「サイレントサイクロン」,FALSE,FALSE,FALSE
1270,th12.8,妖精大戦争,215,C2-2,ルナチャイルド,Hard,月光「サイレントサイクロン」,FALSE,FALSE,FALSE
1271,th12.8,妖精大戦争,216,C2-2,ルナチャイルド,Lunatic,月光「サイレントサイクロン」,FALSE,FALSE,FALSE
1272,th12.8,妖精大戦争,217,C2-3,サニーミルク,Easy,陽光「サンシャインニードル」,FALSE,FALSE,FALSE
1273,th12.8,妖精大戦争,218,C2-3,サニーミルク,Normal,陽光「サンシャインニードル」,FALSE,FALSE,FALSE
1274,th12.8,妖精大戦争,219,C2-3,サニーミルク,Hard,陽光「サンシャインニードル」,FALSE,FALSE,FALSE
1275,th12.8,妖精大戦争,220,C2-3,サニーミルク,Lunatic,陽光「サンシャインニードル」,FALSE,FALSE,FALSE
1276,th12.8,妖精大戦争,221,C2-3,サニーミルク,Easy,光符「ハイパーインクレクション」,FALSE,FALSE,FALSE
1277,th12.8,妖精大戦争,222,C2-3,サニーミルク,Normal,光符「ハイパーインクレクション」,FALSE,FALSE,FALSE
1278,th12.8,妖精大戦争,223,C2-3,サニーミルク,Hard,光符「ハイパーインクレクション」,FALSE,FALSE,FALSE
1279,th12.8,妖精大戦争,224,C2-3,サニーミルク,Lunatic,光符「ハイパーインクレクション」,FALSE,FALSE,FALSE
1280,th12.8,妖精大戦争,225,C2-3,サニーミルク,Easy,日熱「アイスディゾルバー」,FALSE,FALSE,FALSE
1281,th12.8,妖精大戦争,226,C2-3,サニーミルク,Normal,日熱「アイスディゾルバー」,FALSE,FALSE,FALSE
1282,th12.8,妖精大戦争,227,C2-3,サニーミルク,Hard,日熱「アイスディゾルバー」,FALSE,FALSE,FALSE
1283,th12.8,妖精大戦争,228,C2-3,サニーミルク,Lunatic,日熱「アイスディゾルバー」,FALSE,FALSE,FALSE
1284,th12.8,妖精大戦争,229,C2-3,サニーミルク,Easy,激光「サンバースト」,FALSE,FALSE,FALSE
1285,th12.8,妖精大戦争,230,C2-3,サニーミルク,Normal,激光「サンバースト」,FALSE,FALSE,FALSE
1286,th12.8,妖精大戦争,231,C2-3,サニーミルク,Hard,激光「サンバースト」,FALSE,FALSE,FALSE
1287,th12.8,妖精大戦争,232,C2-3,サニーミルク,Lunatic,激光「サンバースト」,FALSE,FALSE,FALSE
1288,th12.8,妖精大戦争,233,C2-3,サニーミルク,Easy,協力技「フェアリーオーバードライブ」,FALSE,FALSE,FALSE
1289,th12.8,妖精大戦争,234,C2-3,サニーミルク,Normal,協力技「フェアリーオーバードライブ」,FALSE,FALSE,FALSE
1290,th12.8,妖精大戦争,235,C2-3,サニーミルク,Hard,協力技「フェアリーオーバードライブ」,FALSE,FALSE,FALSE
1291,th12.8,妖精大戦争,236,C2-3,サニーミルク,Lunatic,協力技「フェアリーオーバードライブ」,FALSE,FALSE,FALSE
1292,th12.8,妖精大戦争,237,C2-3,サニーミルク,Easy,「スリーフェアリーズ」,FALSE,FALSE,FALSE
1293,th12.8,妖精大戦争,238,C2-3,サニーミルク,Normal,「スリーフェアリーズ」,FALSE,FALSE,FALSE
1294,th12.8,妖精大戦争,239,C2-3,サニーミルク,Hard,「スリーフェアリーズ」,FALSE,FALSE,FALSE
1295,th12.8,妖精大戦争,240,C2-3,サニーミルク,Lunatic,「スリーフェアリーズ」,FALSE,FALSE,FALSE
1296,th12.8,妖精大戦争,241,Ex,霧雨魔理沙,Extra,光符「ミステリアスビーム」,FALSE,FALSE,FALSE
1297,th12.8,妖精大戦争,242,Ex,霧雨魔理沙,Extra,光撃「シュート・ザ・リトルムーン」,FALSE,FALSE,FALSE
1298,th12.8,妖精大戦争,243,Ex,霧雨魔理沙,Extra,魔弾「テストスレイブ」,FALSE,FALSE,FALSE
1299,th12.8,妖精大戦争,244,Ex,霧雨魔理沙,Extra,閉符「ビッグクランチ」,FALSE,FALSE,FALSE
1300,th12.8,妖精大戦争,245,Ex,霧雨魔理沙,Extra,恋符「マスタースパークのような懐中電灯」,FALSE,FALSE,FALSE
1301,th12.8,妖精大戦争,246,Ex,霧雨魔理沙,Extra,魔開「オープンユニバース」,FALSE,FALSE,FALSE
1302,th12.8,妖精大戦争,247,Ex,霧雨魔理沙,Extra,魔十字「グランドクロス」,FALSE,FALSE,FALSE
1303,th12.8,妖精大戦争,248,Ex,霧雨魔理沙,Extra,流星「スーパーペルセイド」,FALSE,FALSE,FALSE
1304,th12.8,妖精大戦争,249,Ex,霧雨魔理沙,Extra,「ブレイジングスターのような鬼ごっこ」,TRUE,FALSE,FALSE
1305,th12.8,妖精大戦争,250,Ex,霧雨魔理沙,Extra,「妖精尽滅光」,FALSE,FALSE,FALSE
1306,th13,神霊廟,1,1,西行寺幽々子,Easy,符牒「死蝶の舞」,FALSE,TRUE,FALSE
1307,th13,神霊廟,2,1,西行寺幽々子,Normal,符牒「死蝶の舞」,FALSE,TRUE,FALSE
1308,th13,神霊廟,3,1,西行寺幽々子,Hard,符牒「死蝶の舞　- 桜花 -」,FALSE,TRUE,FALSE
1309,th13,神霊廟,4,1,西行寺幽々子,Lunatic,符牒「死蝶の舞　- 桜花 -」,FALSE,TRUE,FALSE
1310,th13,神霊廟,5,1,西行寺幽々子,Easy,幽蝶「ゴーストスポット」,FALSE,TRUE,FALSE
1311,th13,神霊廟,6,1,西行寺幽々子,Normal,幽蝶「ゴーストスポット」,FALSE,TRUE,FALSE
1312,th13,神霊廟,7,1,西行寺幽々子,Hard,幽蝶「ゴーストスポット　- 桜花 -」,FALSE,TRUE,FALSE
1313,th13,神霊廟,8,1,西行寺幽々子,Lunatic,幽蝶「ゴーストスポット　- 桜花 -」,FALSE,TRUE,FALSE
1314,th13,神霊廟,9,1,西行寺幽々子,Easy,冥符「常夜桜」,FALSE,TRUE,FALSE
1315,th13,神霊廟,10,1,西行寺幽々子,Normal,冥符「常夜桜」,FALSE,TRUE,FALSE
1316,th13,神霊廟,11,1,西行寺幽々子,Hard,冥符「常夜桜」,FALSE,TRUE,FALSE
1317,th13,神霊廟,12,1,西行寺幽々子,Lunatic,冥符「常夜桜」,FALSE,TRUE,FALSE
1318,th13,神霊廟,13,1,西行寺幽々子,Hard,桜符「西行桜吹雪」,FALSE,TRUE,FALSE
1319,th13,神霊廟,14,1,西行寺幽々子,Lunatic,桜符「西行桜吹雪」,FALSE,TRUE,FALSE
1320,th13,神霊廟,15,2,幽谷響子,Easy,響符「マウンテンエコー」,FALSE,TRUE,FALSE
1321,th13,神霊廟,16,2,幽谷響子,Normal,響符「マウンテンエコー」,FALSE,TRUE,FALSE
1322,th13,神霊廟,17,2,幽谷響子,Hard,響符「マウンテンエコースクランブル」,FALSE,TRUE,FALSE
1323,th13,神霊廟,18,2,幽谷響子,Lunatic,響符「マウンテンエコースクランブル」,FALSE,TRUE,FALSE
1324,th13,神霊廟,19,2,幽谷響子,Easy,響符「パワーレゾナンス」,FALSE,TRUE,FALSE
1325,th13,神霊廟,20,2,幽谷響子,Normal,響符「パワーレゾナンス」,FALSE,TRUE,FALSE
1326,th13,神霊廟,21,2,幽谷響子,Hard,響符「パワーレゾナンス」,FALSE,TRUE,FALSE
1327,th13,神霊廟,22,2,幽谷響子,Lunatic,響符「パワーレゾナンス」,FALSE,TRUE,FALSE
1328,th13,神霊廟,23,2,幽谷響子,Easy,山彦「ロングレンジエコー」,FALSE,TRUE,FALSE
1329,th13,神霊廟,24,2,幽谷響子,Normal,山彦「ロングレンジエコー」,FALSE,TRUE,FALSE
1330,th13,神霊廟,25,2,幽谷響子,Hard,山彦「アンプリファイエコー」,FALSE,TRUE,FALSE
1331,th13,神霊廟,26,2,幽谷響子,Lunatic,山彦「アンプリファイエコー」,FALSE,TRUE,FALSE
1332,th13,神霊廟,27,2,幽谷響子,Easy,大声「チャージドクライ」,FALSE,TRUE,FALSE
1333,th13,神霊廟,28,2,幽谷響子,Normal,大声「チャージドクライ」,FALSE,TRUE,FALSE
1334,th13,神霊廟,29,2,幽谷響子,Hard,大声「チャージドヤッホー」,FALSE,TRUE,FALSE
1335,th13,神霊廟,30,2,幽谷響子,Lunatic,大声「チャージドヤッホー」,FALSE,TRUE,FALSE
1336,th13,神霊廟,31,3,多々良小傘,Hard,虹符「アンブレラサイクロン」,FALSE,TRUE,FALSE
1337,th13,神霊廟,32,3,多々良小傘,Lunatic,虹符「アンブレラサイクロン」,FALSE,TRUE,FALSE
1338,th13,神霊廟,33,3,宮古芳香,Easy,回復「ヒールバイデザイア」,FALSE,TRUE,FALSE
1339,th13,神霊廟,34,3,宮古芳香,Normal,回復「ヒールバイデザイア」,FALSE,TRUE,FALSE
1340,th13,神霊廟,35,3,宮古芳香,Hard,回復「ヒールバイデザイア」,FALSE,TRUE,FALSE
1341,th13,神霊廟,36,3,宮古芳香,Lunatic,回復「ヒールバイデザイア」,FALSE,TRUE,FALSE
1342,th13,神霊廟,37,3,宮古芳香,Easy,毒爪「ポイズンレイズ」,FALSE,TRUE,FALSE
1343,th13,神霊廟,38,3,宮古芳香,Normal,毒爪「ポイズンレイズ」,FALSE,TRUE,FALSE
1344,th13,神霊廟,39,3,宮古芳香,Hard,毒爪「ポイズンマーダー」,FALSE,TRUE,FALSE
1345,th13,神霊廟,40,3,宮古芳香,Lunatic,毒爪「ポイズンマーダー」,FALSE,TRUE,FALSE
1346,th13,神霊廟,41,3,宮古芳香,Easy,欲符「稼欲霊招来」,FALSE,TRUE,FALSE
1347,th13,神霊廟,42,3,宮古芳香,Normal,欲符「稼欲霊招来」,FALSE,TRUE,FALSE
1348,th13,神霊廟,43,3,宮古芳香,Hard,欲霊「スコアデザイアイーター」,FALSE,TRUE,FALSE
1349,th13,神霊廟,44,3,宮古芳香,Lunatic,欲霊「スコアデザイアイーター」,FALSE,TRUE,FALSE
1350,th13,神霊廟,45,4,霍青娥,Normal,邪符「ヤンシャオグイ」,FALSE,TRUE,FALSE
1351,th13,神霊廟,46,4,霍青娥,Hard,邪符「グーフンイエグイ」,FALSE,TRUE,FALSE
1352,th13,神霊廟,47,4,霍青娥,Lunatic,邪符「グーフンイエグイ」,FALSE,TRUE,FALSE
1353,th13,神霊廟,48,4,霍青娥,Easy,入魔「ゾウフォルゥモォ」,FALSE,TRUE,FALSE
1354,th13,神霊廟,49,4,霍青娥,Normal,入魔「ゾウフォルゥモォ」,FALSE,TRUE,FALSE
1355,th13,神霊廟,50,4,霍青娥,Hard,入魔「ゾウフォルゥモォ」,FALSE,TRUE,FALSE
1356,th13,神霊廟,51,4,霍青娥,Lunatic,入魔「ゾウフォルゥモォ」,FALSE,TRUE,FALSE
1357,th13,神霊廟,52,4,霍青娥,Easy,降霊「死人タンキー」,FALSE,TRUE,FALSE
1358,th13,神霊廟,53,4,霍青娥,Normal,降霊「死人タンキー」,FALSE,TRUE,FALSE
1359,th13,神霊廟,54,4,霍青娥,Hard,通霊「トンリン芳香」,FALSE,TRUE,FALSE
1360,th13,神霊廟,55,4,霍青娥,Lunatic,通霊「トンリン芳香」,FALSE,TRUE,FALSE
1361,th13,神霊廟,56,4,霍青娥,Easy,道符「タオ胎動」,FALSE,TRUE,FALSE
1362,th13,神霊廟,57,4,霍青娥,Normal,道符「タオ胎動」,FALSE,TRUE,FALSE
1363,th13,神霊廟,58,4,霍青娥,Hard,道符「タオ胎動」,FALSE,TRUE,FALSE
1364,th13,神霊廟,59,4,霍青娥,Lunatic,道符「タオ胎動」,FALSE,TRUE,FALSE
1365,th13,神霊廟,60,5,蘇我屠自古,Normal,雷矢「ガゴウジサイクロン」,FALSE,TRUE,FALSE
1366,th13,神霊廟,61,5,蘇我屠自古,Hard,雷矢「ガゴウジサイクロン」,FALSE,TRUE,FALSE
1367,th13,神霊廟,62,5,蘇我屠自古,Lunatic,雷矢「ガゴウジトルネード」,FALSE,TRUE,FALSE
1368,th13,神霊廟,63,5,物部布都,Easy,天符「雨の磐舟」,FALSE,TRUE,FALSE
1369,th13,神霊廟,64,5,物部布都,Normal,天符「雨の磐舟」,FALSE,TRUE,FALSE
1370,th13,神霊廟,65,5,物部布都,Hard,天符「天の磐舟よ天へ昇れ」,FALSE,TRUE,FALSE
1371,th13,神霊廟,66,5,物部布都,Lunatic,天符「天の磐舟よ天へ昇れ」,FALSE,TRUE,FALSE
1372,th13,神霊廟,67,5,物部布都,Easy,投皿「物部の八十平瓮」,FALSE,TRUE,FALSE
1373,th13,神霊廟,68,5,物部布都,Normal,投皿「物部の八十平瓮」,FALSE,TRUE,FALSE
1374,th13,神霊廟,69,5,物部布都,Hard,投皿「物部の八十平瓮」,FALSE,TRUE,FALSE
1375,th13,神霊廟,70,5,物部布都,Lunatic,投皿「物部の八十平瓮」,FALSE,TRUE,FALSE
1376,th13,神霊廟,71,5,物部布都,Easy,炎符「廃仏の炎風」,FALSE,TRUE,FALSE
1377,th13,神霊廟,72,5,物部布都,Normal,炎符「廃仏の炎風」,FALSE,TRUE,FALSE
1378,th13,神霊廟,73,5,物部布都,Hard,炎符「桜井寺炎上」,FALSE,TRUE,FALSE
1379,th13,神霊廟,74,5,物部布都,Lunatic,炎符「桜井寺炎上」,FALSE,TRUE,FALSE
1380,th13,神霊廟,75,5,物部布都,Easy,聖童女「大物忌正餐」,FALSE,TRUE,FALSE
1381,th13,神霊廟,76,5,物部布都,Normal,聖童女「大物忌正餐」,FALSE,TRUE,FALSE
1382,th13,神霊廟,77,5,物部布都,Hard,聖童女「大物忌正餐」,FALSE,TRUE,FALSE
1383,th13,神霊廟,78,5,物部布都,Lunatic,聖童女「大物忌正餐」,FALSE,TRUE,FALSE
1384,th13,神霊廟,79,6,豊聡耳神子,Easy,名誉「十二階の色彩」,FALSE,TRUE,FALSE
1385,th13,神霊廟,80,6,豊聡耳神子,Normal,名誉「十二階の色彩」,FALSE,TRUE,FALSE
1386,th13,神霊廟,81,6,豊聡耳神子,Hard,名誉「十二階の冠位」,FALSE,TRUE,FALSE
1387,th13,神霊廟,82,6,豊聡耳神子,Lunatic,名誉「十二階の冠位」,FALSE,TRUE,FALSE
1388,th13,神霊廟,83,6,豊聡耳神子,Easy,仙符「日出ずる処の道士」,FALSE,TRUE,FALSE
1389,th13,神霊廟,84,6,豊聡耳神子,Normal,仙符「日出ずる処の道士」,FALSE,TRUE,FALSE
1390,th13,神霊廟,85,6,豊聡耳神子,Hard,仙符「日出ずる処の天子」,FALSE,TRUE,FALSE
1391,th13,神霊廟,86,6,豊聡耳神子,Lunatic,仙符「日出ずる処の天子」,FALSE,TRUE,FALSE
1392,th13,神霊廟,87,6,豊聡耳神子,Easy,召喚「豪族乱舞」,FALSE,TRUE,FALSE
1393,th13,神霊廟,88,6,豊聡耳神子,Normal,召喚「豪族乱舞」,FALSE,TRUE,FALSE
1394,th13,神霊廟,89,6,豊聡耳神子,Hard,召喚「豪族乱舞」,FALSE,TRUE,FALSE
1395,th13,神霊廟,90,6,豊聡耳神子,Lunatic,召喚「豪族乱舞」,FALSE,TRUE,FALSE
1396,th13,神霊廟,91,6,豊聡耳神子,Easy,秘宝「斑鳩寺の天球儀」,FALSE,TRUE,FALSE
1397,th13,神霊廟,92,6,豊聡耳神子,Normal,秘宝「斑鳩寺の天球儀」,FALSE,TRUE,FALSE
1398,th13,神霊廟,93,6,豊聡耳神子,Hard,秘宝「斑鳩寺の天球儀」,FALSE,TRUE,FALSE
1399,th13,神霊廟,94,6,豊聡耳神子,Lunatic,秘宝「聖徳太子のオーパーツ」,FALSE,TRUE,FALSE
1400,th13,神霊廟,95,6,豊聡耳神子,Easy,光符「救世観音の光後光」,FALSE,TRUE,FALSE
1401,th13,神霊廟,96,6,豊聡耳神子,Normal,光符「救世観音の光後光」,FALSE,TRUE,FALSE
1402,th13,神霊廟,97,6,豊聡耳神子,Hard,光符「グセフラッシュ」,FALSE,TRUE,FALSE
1403,th13,神霊廟,98,6,豊聡耳神子,Lunatic,光符「グセフラッシュ」,FALSE,TRUE,FALSE
1404,th13,神霊廟,99,6,豊聡耳神子,Easy,眼光「十七条のレーザー」,FALSE,TRUE,FALSE
1405,th13,神霊廟,100,6,豊聡耳神子,Normal,眼光「十七条のレーザー」,FALSE,TRUE,FALSE
1406,th13,神霊廟,101,6,豊聡耳神子,Hard,神光「逆らう事なきを宗とせよ」,FALSE,TRUE,FALSE
1407,th13,神霊廟,102,6,豊聡耳神子,Lunatic,神光「逆らう事なきを宗とせよ」,FALSE,TRUE,FALSE
1408,th13,神霊廟,103,6,豊聡耳神子,Easy,「星降る神霊廟」,FALSE,TRUE,FALSE
1409,th13,神霊廟,104,6,豊聡耳神子,Normal,「星降る神霊廟」,FALSE,TRUE,FALSE
1410,th13,神霊廟,105,6,豊聡耳神子,Hard,「生まれたての神霊」,FALSE,TRUE,FALSE
1411,th13,神霊廟,106,6,豊聡耳神子,Lunatic,「生まれたての神霊」,FALSE,TRUE,FALSE
1412,th13,神霊廟,107,Ex,封獣ぬえ,Extra,アンノウン「軌道不明の鬼火」,FALSE,TRUE,FALSE
1413,th13,神霊廟,108,Ex,封獣ぬえ,Extra,アンノウン「姿態不明の空魚」,FALSE,TRUE,FALSE
1414,th13,神霊廟,109,Ex,封獣ぬえ,Extra,アンノウン「原理不明の妖怪玉」,FALSE,TRUE,FALSE
1415,th13,神霊廟,110,Ex,二ッ岩マミゾウ,Extra,壱番勝負「霊長化弾幕変化」,FALSE,TRUE,FALSE
1416,th13,神霊廟,111,Ex,二ッ岩マミゾウ,Extra,弐番勝負「肉食化弾幕変化」,FALSE,TRUE,FALSE
1417,th13,神霊廟,112,Ex,二ッ岩マミゾウ,Extra,参番勝負「延羽化弾幕変化」,FALSE,TRUE,FALSE
1418,th13,神霊廟,113,Ex,二ッ岩マミゾウ,Extra,四番勝負「両生化弾幕変化」,FALSE,TRUE,FALSE
1419,th13,神霊廟,114,Ex,二ッ岩マミゾウ,Extra,伍番勝負「鳥獣戯画」,FALSE,TRUE,FALSE
1420,th13,神霊廟,115,Ex,二ッ岩マミゾウ,Extra,六番勝負「狸の化け学校」,FALSE,TRUE,FALSE
1421,th13,神霊廟,116,Ex,二ッ岩マミゾウ,Extra,七番勝負「野生の離島」,FALSE,TRUE,FALSE
1422,th13,神霊廟,117,Ex,二ッ岩マミゾウ,Extra,変化「まぬけ巫女の偽調伏」,FALSE,TRUE,FALSE
1423,th13,神霊廟,118,Ex,二ッ岩マミゾウ,Extra,「マミゾウ化弾幕十変化」,TRUE,TRUE,FALSE
1424,th13,神霊廟,119,Ex,二ッ岩マミゾウ,Extra,狢符「満月のポンポコリン」,FALSE,TRUE,FALSE
1425,th13,神霊廟,120,OD,西行寺幽々子,OverDrive,桜符「桜吹雪地獄」,FALSE,TRUE,FALSE
1426,th13,神霊廟,121,OD,幽谷響子,OverDrive,山彦「ヤマビコの本領発揮エコー」,FALSE,TRUE,FALSE
1427,th13,神霊廟,122,OD,宮古芳香,OverDrive,毒爪「死なない殺人鬼」,FALSE,TRUE,FALSE
1428,th13,神霊廟,123,OD,霍青娥,OverDrive,道符「ＴＡＯ胎動　～道～」,FALSE,TRUE,FALSE
1429,th13,神霊廟,124,OD,蘇我屠自古,OverDrive,怨霊「入鹿の雷」,FALSE,TRUE,FALSE
1430,th13,神霊廟,125,OD,物部布都,OverDrive,聖童女「太陽神の贄」,FALSE,TRUE,FALSE
1431,th13,神霊廟,126,OD,豊聡耳神子,OverDrive,「神霊大宇宙」,FALSE,TRUE,FALSE
1432,th13,神霊廟,127,OD,二ッ岩マミゾウ,OverDrive,「ワイルドカーペット」,FALSE,TRUE,FALSE
1433,th14,輝針城,1,1,チルノ,Hard,氷符「アルティメットブリザード」,FALSE,TRUE,FALSE
1434,th14,輝針城,2,1,チルノ,Lunatic,氷符「アルティメットブリザード」,FALSE,TRUE,FALSE
1435,th14,輝針城,3,1,わかさぎ姫,Easy,水符「テイルフィンスラップ」,FALSE,TRUE,FALSE
1436,th14,輝針城,4,1,わかさぎ姫,Normal,水符「テイルフィンスラップ」,FALSE,TRUE,FALSE
1437,th14,輝針城,5,1,わかさぎ姫,Hard,水符「テイルフィンスラップ」,FALSE,TRUE,FALSE
1438,th14,輝針城,6,1,わかさぎ姫,Lunatic,水符「テイルフィンスラップ」,FALSE,TRUE,FALSE
1439,th14,輝針城,7,1,わかさぎ姫,Easy,鱗符「スケールウェイブ」,FALSE,TRUE,FALSE
1440,th14,輝針城,8,1,わかさぎ姫,Normal,鱗符「スケールウェイブ」,FALSE,TRUE,FALSE
1441,th14,輝針城,9,1,わかさぎ姫,Hard,鱗符「逆鱗の荒波」,FALSE,TRUE,FALSE
1442,th14,輝針城,10,1,わかさぎ姫,Lunatic,鱗符「逆鱗の大荒波」,FALSE,TRUE,FALSE
1443,th14,輝針城,11,2,赤蛮奇,Easy,飛符「フライングヘッド」,FALSE,TRUE,FALSE
1444,th14,輝針城,12,2,赤蛮奇,Normal,飛符「フライングヘッド」,FALSE,TRUE,FALSE
1445,th14,輝針城,13,2,赤蛮奇,Hard,飛符「フライングヘッド」,FALSE,TRUE,FALSE
1446,th14,輝針城,14,2,赤蛮奇,Lunatic,飛符「フライングヘッド」,FALSE,TRUE,FALSE
1447,th14,輝針城,15,2,赤蛮奇,Easy,首符「クローズアイショット」,FALSE,TRUE,FALSE
1448,th14,輝針城,16,2,赤蛮奇,Normal,首符「クローズアイショット」,FALSE,TRUE,FALSE
1449,th14,輝針城,17,2,赤蛮奇,Hard,首符「ろくろ首飛来」,FALSE,TRUE,FALSE
1450,th14,輝針城,18,2,赤蛮奇,Lunatic,首符「ろくろ首飛来」,FALSE,TRUE,FALSE
1451,th14,輝針城,19,2,赤蛮奇,Easy,飛頭「マルチプリケイティブヘッド」,FALSE,TRUE,FALSE
1452,th14,輝針城,20,2,赤蛮奇,Normal,飛頭「マルチプリケイティブヘッド」,FALSE,TRUE,FALSE
1453,th14,輝針城,21,2,赤蛮奇,Hard,飛頭「セブンズヘッド」,FALSE,TRUE,FALSE
1454,th14,輝針城,22,2,赤蛮奇,Lunatic,飛頭「ナインズヘッド」,FALSE,TRUE,FALSE
1455,th14,輝針城,23,2,赤蛮奇,Easy,飛頭「デュラハンナイト」,FALSE,TRUE,FALSE
1456,th14,輝針城,24,2,赤蛮奇,Normal,飛頭「デュラハンナイト」,FALSE,TRUE,FALSE
1457,th14,輝針城,25,2,赤蛮奇,Hard,飛頭「デュラハンナイト」,FALSE,TRUE,FALSE
1458,th14,輝針城,26,2,赤蛮奇,Lunatic,飛頭「デュラハンナイト」,FALSE,TRUE,FALSE
1459,th14,輝針城,27,3,今泉影狼,Hard,牙符「月下の犬歯」,FALSE,TRUE,FALSE
1460,th14,輝針城,28,3,今泉影狼,Lunatic,牙符「月下の犬歯」,FALSE,TRUE,FALSE
1461,th14,輝針城,29,3,今泉影狼,Easy,変身「トライアングルファング」,FALSE,TRUE,FALSE
1462,th14,輝針城,30,3,今泉影狼,Normal,変身「トライアングルファング」,FALSE,TRUE,FALSE
1463,th14,輝針城,31,3,今泉影狼,Hard,変身「スターファング」,FALSE,TRUE,FALSE
1464,th14,輝針城,32,3,今泉影狼,Lunatic,変身「スターファング」,FALSE,TRUE,FALSE
1465,th14,輝針城,33,3,今泉影狼,Easy,咆哮「ストレンジロア」,FALSE,TRUE,FALSE
1466,th14,輝針城,34,3,今泉影狼,Normal,咆哮「ストレンジロア」,FALSE,TRUE,FALSE
1467,th14,輝針城,35,3,今泉影狼,Hard,咆哮「満月の遠吠え」,FALSE,TRUE,FALSE
1468,th14,輝針城,36,3,今泉影狼,Lunatic,咆哮「満月の遠吠え」,FALSE,TRUE,FALSE
1469,th14,輝針城,37,3,今泉影狼,Easy,狼符「スターリングパウンス」,FALSE,TRUE,FALSE
1470,th14,輝針城,38,3,今泉影狼,Normal,狼符「スターリングパウンス」,FALSE,TRUE,FALSE
1471,th14,輝針城,39,3,今泉影狼,Hard,天狼「ハイスピードパウンス」,FALSE,TRUE,FALSE
1472,th14,輝針城,40,3,今泉影狼,Lunatic,天狼「ハイスピードパウンス」,FALSE,TRUE,FALSE
1473,th14,輝針城,41,4A,九十九弁々,Easy,平曲「祇園精舎の鐘の音」,FALSE,TRUE,FALSE
1474,th14,輝針城,42,4A,九十九弁々,Normal,平曲「祇園精舎の鐘の音」,FALSE,TRUE,FALSE
1475,th14,輝針城,43,4A,九十九弁々,Hard,平曲「祇園精舎の鐘の音」,FALSE,TRUE,FALSE
1476,th14,輝針城,44,4A,九十九弁々,Lunatic,平曲「祇園精舎の鐘の音」,FALSE,TRUE,FALSE
1477,th14,輝針城,45,4A,九十九弁々,Easy,怨霊「耳無し芳一」,FALSE,TRUE,FALSE
1478,th14,輝針城,46,4A,九十九弁々,Normal,怨霊「耳無し芳一」,FALSE,TRUE,FALSE
1479,th14,輝針城,47,4A,九十九弁々,Hard,怨霊「平家の大怨霊」,FALSE,TRUE,FALSE
1480,th14,輝針城,48,4A,九十九弁々,Lunatic,怨霊「平家の大怨霊」,FALSE,TRUE,FALSE
1481,th14,輝針城,49,4A,九十九弁々,Easy,楽符「邪悪な五線譜」,FALSE,TRUE,FALSE
1482,th14,輝針城,50,4A,九十九弁々,Normal,楽符「邪悪な五線譜」,FALSE,TRUE,FALSE
1483,th14,輝針城,51,4A,九十九弁々,Hard,楽符「凶悪な五線譜」,FALSE,TRUE,FALSE
1484,th14,輝針城,52,4A,九十九弁々,Lunatic,楽符「ダブルスコア」,FALSE,TRUE,FALSE
1485,th14,輝針城,53,4B,九十九八橋,Easy,琴符「諸行無常の琴の音」,FALSE,TRUE,FALSE
1486,th14,輝針城,54,4B,九十九八橋,Normal,琴符「諸行無常の琴の音」,FALSE,TRUE,FALSE
1487,th14,輝針城,55,4B,九十九八橋,Hard,琴符「諸行無常の琴の音」,FALSE,TRUE,FALSE
1488,th14,輝針城,56,4B,九十九八橋,Lunatic,琴符「諸行無常の琴の音」,FALSE,TRUE,FALSE
1489,th14,輝針城,57,4B,九十九八橋,Easy,響符「平安の残響」,FALSE,TRUE,FALSE
1490,th14,輝針城,58,4B,九十九八橋,Normal,響符「平安の残響」,FALSE,TRUE,FALSE
1491,th14,輝針城,59,4B,九十九八橋,Hard,響符「エコーチェンバー」,FALSE,TRUE,FALSE
1492,th14,輝針城,60,4B,九十九八橋,Lunatic,響符「エコーチェンバー」,FALSE,TRUE,FALSE
1493,th14,輝針城,61,4B,九十九八橋,Easy,筝曲「下克上送筝曲」,FALSE,TRUE,FALSE
1494,th14,輝針城,62,4B,九十九八橋,Normal,筝曲「下克上送筝曲」,FALSE,TRUE,FALSE
1495,th14,輝針城,63,4B,九十九八橋,Hard,筝曲「下克上レクイエム」,FALSE,TRUE,FALSE
1496,th14,輝針城,64,4B,九十九八橋,Lunatic,筝曲「下克上レクイエム」,FALSE,TRUE,FALSE
1497,th14,輝針城,65,5,鬼人正邪,Easy,欺符「逆針撃」,FALSE,TRUE,FALSE
1498,th14,輝針城,66,5,鬼人正邪,Normal,欺符「逆針撃」,FALSE,TRUE,FALSE
1499,th14,輝針城,67,5,鬼人正邪,Hard,欺符「逆針撃」,FALSE,TRUE,FALSE
1500,th14,輝針城,68,5,鬼人正邪,Lunatic,欺符「逆針撃」,FALSE,TRUE,FALSE
1501,th14,輝針城,69,5,鬼人正邪,Easy,逆符「鏡の国の弾幕」,FALSE,TRUE,FALSE
1502,th14,輝針城,70,5,鬼人正邪,Normal,逆符「鏡の国の弾幕」,FALSE,TRUE,FALSE
1503,th14,輝針城,71,5,鬼人正邪,Hard,逆符「イビルインザミラー」,FALSE,TRUE,FALSE
1504,th14,輝針城,72,5,鬼人正邪,Lunatic,逆符「イビルインザミラー」,FALSE,TRUE,FALSE
1505,th14,輝針城,73,5,鬼人正邪,Easy,逆符「天地有用」,FALSE,TRUE,FALSE
1506,th14,輝針城,74,5,鬼人正邪,Normal,逆符「天地有用」,FALSE,TRUE,FALSE
1507,th14,輝針城,75,5,鬼人正邪,Hard,逆符「天下転覆」,FALSE,TRUE,FALSE
1508,th14,輝針城,76,5,鬼人正邪,Lunatic,逆符「天下転覆」,FALSE,TRUE,FALSE
1509,th14,輝針城,77,5,鬼人正邪,Easy,逆弓「天壌夢弓」,FALSE,TRUE,FALSE
1510,th14,輝針城,78,5,鬼人正邪,Normal,逆弓「天壌夢弓」,FALSE,TRUE,FALSE
1511,th14,輝針城,79,5,鬼人正邪,Hard,逆弓「天壌夢弓の詔勅」,FALSE,TRUE,FALSE
1512,th14,輝針城,80,5,鬼人正邪,Lunatic,逆弓「天壌夢弓の詔勅」,FALSE,TRUE,FALSE
1513,th14,輝針城,81,5,鬼人正邪,Easy,逆転「リバースヒエラルキー」,FALSE,TRUE,FALSE
1514,th14,輝針城,82,5,鬼人正邪,Normal,逆転「リバースヒエラルキー」,FALSE,TRUE,FALSE
1515,th14,輝針城,83,5,鬼人正邪,Hard,逆転「チェンジエアブレイブ」,FALSE,TRUE,FALSE
1516,th14,輝針城,84,5,鬼人正邪,Lunatic,逆転「チェンジエアブレイブ」,FALSE,TRUE,FALSE
1517,th14,輝針城,85,6,少名針妙丸,Easy,小弾「小人の道」,FALSE,TRUE,FALSE
1518,th14,輝針城,86,6,少名針妙丸,Normal,小弾「小人の道」,FALSE,TRUE,FALSE
1519,th14,輝針城,87,6,少名針妙丸,Hard,小弾「小人の茨道」,FALSE,TRUE,FALSE
1520,th14,輝針城,88,6,少名針妙丸,Lunatic,小弾「小人の茨道」,FALSE,TRUE,FALSE
1521,th14,輝針城,89,6,少名針妙丸,Easy,小槌「大きくなあれ」,FALSE,TRUE,FALSE
1522,th14,輝針城,90,6,少名針妙丸,Normal,小槌「大きくなあれ」,FALSE,TRUE,FALSE
1523,th14,輝針城,91,6,少名針妙丸,Hard,小槌「もっと大きくなあれ」,FALSE,TRUE,FALSE
1524,th14,輝針城,92,6,少名針妙丸,Lunatic,小槌「もっと大きくなあれ」,FALSE,TRUE,FALSE
1525,th14,輝針城,93,6,少名針妙丸,Easy,妖剣「輝針剣」,FALSE,TRUE,FALSE
1526,th14,輝針城,94,6,少名針妙丸,Normal,妖剣「輝針剣」,FALSE,TRUE,FALSE
1527,th14,輝針城,95,6,少名針妙丸,Hard,妖剣「輝針剣」,FALSE,TRUE,FALSE
1528,th14,輝針城,96,6,少名針妙丸,Lunatic,妖剣「輝針剣」,FALSE,TRUE,FALSE
1529,th14,輝針城,97,6,少名針妙丸,Easy,小槌「お前が大きくなあれ」,TRUE,TRUE,FALSE
1530,th14,輝針城,98,6,少名針妙丸,Normal,小槌「お前が大きくなあれ」,TRUE,TRUE,FALSE
1531,th14,輝針城,99,6,少名針妙丸,Hard,小槌「お前が大きくなあれ」,TRUE,TRUE,FALSE
1532,th14,輝針城,100,6,少名針妙丸,Lunatic,小槌「お前が大きくなあれ」,TRUE,TRUE,FALSE
1533,th14,輝針城,101,6,少名針妙丸,Easy,「進撃の小人」,FALSE,TRUE,FALSE
1534,th14,輝針城,102,6,少名針妙丸,Normal,「進撃の小人」,FALSE,TRUE,FALSE
1535,th14,輝針城,103,6,少名針妙丸,Hard,「ウォールオブイッスン」,FALSE,TRUE,FALSE
1536,th14,輝針城,104,6,少名針妙丸,Lunatic,「ウォールオブイッスン」,FALSE,TRUE,FALSE
1537,th14,輝針城,105,6,少名針妙丸,Easy,「ホップオマイサムセブン」,FALSE,TRUE,FALSE
1538,th14,輝針城,106,6,少名針妙丸,Normal,「ホップオマイサムセブン」,FALSE,TRUE,FALSE
1539,th14,輝針城,107,6,少名針妙丸,Hard,「七人の一寸法師」,FALSE,TRUE,FALSE
1540,th14,輝針城,108,6,少名針妙丸,Lunatic,「七人の一寸法師」,FALSE,TRUE,FALSE
1541,th14,輝針城,109,Ex,九十九姉妹,Extra,弦楽「嵐のアンサンブル」,FALSE,TRUE,FALSE
1542,th14,輝針城,110,Ex,九十九姉妹,Extra,弦楽「浄瑠璃世界」,FALSE,TRUE,FALSE
1543,th14,輝針城,111,Ex,堀川雷鼓,Extra,一鼓「暴れ宮太鼓」,FALSE,TRUE,FALSE
1544,th14,輝針城,112,Ex,堀川雷鼓,Extra,二鼓「怨霊アヤノツヅミ」,FALSE,TRUE,FALSE
1545,th14,輝針城,113,Ex,堀川雷鼓,Extra,三鼓「午前零時のスリーストライク」,FALSE,TRUE,FALSE
1546,th14,輝針城,114,Ex,堀川雷鼓,Extra,死鼓「ランドパーカス」,FALSE,TRUE,FALSE
1547,th14,輝針城,115,Ex,堀川雷鼓,Extra,五鼓「デンデン太鼓」,FALSE,TRUE,FALSE
1548,th14,輝針城,116,Ex,堀川雷鼓,Extra,六鼓「オルタネイトスティッキング」,FALSE,TRUE,FALSE
1549,th14,輝針城,117,Ex,堀川雷鼓,Extra,七鼓「高速和太鼓ロケット」,FALSE,TRUE,FALSE
1550,th14,輝針城,118,Ex,堀川雷鼓,Extra,八鼓「雷神の怒り」,FALSE,TRUE,FALSE
1551,th14,輝針城,119,Ex,堀川雷鼓,Extra,「ブルーレディショー」,TRUE,TRUE,FALSE
1552,th14,輝針城,120,Ex,堀川雷鼓,Extra,「プリスティンビート」,FALSE,TRUE,FALSE
1553,th14.3,弾幕アマノジャク,1,一日目,わかさぎ姫,,水符「ルナティックレッドスラップ」,FALSE,FALSE,FALSE
1554,th14.3,弾幕アマノジャク,2,一日目,チルノ,,氷符「パーフェクトグレーシェリスト」,FALSE,FALSE,FALSE
1555,th14.3,弾幕アマノジャク,3,一日目,わかさぎ姫,,潮符「湖のタイダルウェイブ」,FALSE,FALSE,FALSE
1556,th14.3,弾幕アマノジャク,4,一日目,チルノ,,氷王「フロストキング」,FALSE,FALSE,FALSE
1557,th14.3,弾幕アマノジャク,5,一日目,わかさぎ姫,,魚符「スクールオブフィッシュ」,FALSE,FALSE,FALSE
1558,th14.3,弾幕アマノジャク,6,二日目,幽谷 響子,,叫喚「プライマルスクリーム」,FALSE,FALSE,FALSE
1559,th14.3,弾幕アマノジャク,7,二日目,赤蛮奇,,飛首「エクストリームロングネック」,FALSE,FALSE,FALSE
1560,th14.3,弾幕アマノジャク,8,二日目,幽谷 響子,,劈音「ピアッシングサークル」,FALSE,FALSE,FALSE
1561,th14.3,弾幕アマノジャク,9,二日目,赤蛮奇,,眼光「ヘルズレイ」,FALSE,FALSE,FALSE
1562,th14.3,弾幕アマノジャク,10,二日目,幽谷 響子,,御経「無限念仏」,FALSE,FALSE,FALSE
1563,th14.3,弾幕アマノジャク,11,二日目,赤蛮奇,,飛首「ツインロクロヘッド」,FALSE,FALSE,FALSE
1564,th14.3,弾幕アマノジャク,12,三日目,今泉 影狼,,満月「フルムーンロア」,FALSE,FALSE,FALSE
1565,th14.3,弾幕アマノジャク,13,三日目,上白沢 慧音,,「２０ＸＸ年　死後の旅」,FALSE,FALSE,FALSE
1566,th14.3,弾幕アマノジャク,14,三日目,藤原 妹紅,,惜命「不死身の捨て身」,FALSE,FALSE,FALSE
1567,th14.3,弾幕アマノジャク,15,三日目,今泉 影狼,,狼牙「血に餓えたウルフファング」,FALSE,FALSE,FALSE
1568,th14.3,弾幕アマノジャク,16,三日目,上白沢 慧音,,大火「江戸のフラワー」,FALSE,FALSE,FALSE
1569,th14.3,弾幕アマノジャク,17,三日目,藤原 妹紅,,「火の鳥 ―不死伝説―」,TRUE,FALSE,FALSE
1570,th14.3,弾幕アマノジャク,18,四日目,霍 青娥＆宮古 芳香,,入魔「過剰ゾウフォルゥモォ」,FALSE,FALSE,FALSE
1571,th14.3,弾幕アマノジャク,19,四日目,西行寺 幽々子,,蝶符「花蝶風月」,FALSE,FALSE,FALSE
1572,th14.3,弾幕アマノジャク,20,四日目,宮古 芳香,,毒爪「ゾンビクロー」,FALSE,FALSE,FALSE
1573,th14.3,弾幕アマノジャク,21,四日目,霍 青娥,,仙術「ウォールランナー」,FALSE,FALSE,FALSE
1574,th14.3,弾幕アマノジャク,22,四日目,西行寺 幽々子,,桜花「桜吹雪花小町」,FALSE,FALSE,FALSE
1575,th14.3,弾幕アマノジャク,23,四日目,霍 青娥,,仙術「壁抜けワームホール」,FALSE,FALSE,FALSE
1576,th14.3,弾幕アマノジャク,24,五日目,九十九 八橋,,琴符「天の詔琴」,FALSE,FALSE,FALSE
1577,th14.3,弾幕アマノジャク,25,五日目,九十九 弁々,,音符「大熱唱琵琶」,FALSE,FALSE,FALSE
1578,th14.3,弾幕アマノジャク,26,五日目,堀川 雷鼓,,雷符「怒りのデンデン太鼓」,FALSE,FALSE,FALSE
1579,th14.3,弾幕アマノジャク,27,五日目,九十九 八橋,,哀歌「人琴ともに亡ぶ」,FALSE,FALSE,FALSE
1580,th14.3,弾幕アマノジャク,28,五日目,九十九 弁々,,楽譜「スコアウェブ」,FALSE,FALSE,FALSE
1581,th14.3,弾幕アマノジャク,29,五日目,堀川 雷鼓,,太鼓「ファンタジックウーファー」,FALSE,FALSE,FALSE
1582,th14.3,弾幕アマノジャク,30,五日目,九十九 弁々＆九十九 八橋,,両吟「星降る唄」,FALSE,FALSE,FALSE
1583,th14.3,弾幕アマノジャク,31,六日目,射命丸 文,,写真「激撮テングスクープ」,FALSE,FALSE,FALSE
1584,th14.3,弾幕アマノジャク,32,六日目,姫海棠 はたて,,写真「フルパノラマショット」,FALSE,FALSE,FALSE
1585,th14.3,弾幕アマノジャク,33,六日目,河城 にとり,,瀑符「シライトフォール」,FALSE,FALSE,FALSE
1586,th14.3,弾幕アマノジャク,34,六日目,犬走 椛,,牙符「咀嚼玩味」,FALSE,FALSE,FALSE
1587,th14.3,弾幕アマノジャク,35,六日目,河城 にとり,,瀑符「ケゴンガン」,FALSE,FALSE,FALSE
1588,th14.3,弾幕アマノジャク,36,六日目,姫海棠 はたて,,写真「籠もりパパラッチ」,FALSE,FALSE,FALSE
1589,th14.3,弾幕アマノジャク,37,六日目,射命丸 文,,「瞬撮ジャーナリスト」,FALSE,FALSE,FALSE
1590,th14.3,弾幕アマノジャク,38,七日目,霧雨 魔理沙,,恋符「ワイドマスター」,FALSE,FALSE,FALSE
1591,th14.3,弾幕アマノジャク,39,七日目,十六夜 咲夜,,時符「タイムストッパー咲夜」,FALSE,FALSE,FALSE
1592,th14.3,弾幕アマノジャク,40,七日目,魂魄 妖夢,,光符「冥府光芒一閃」,FALSE,FALSE,FALSE
1593,th14.3,弾幕アマノジャク,41,七日目,東風谷 早苗,,蛇符「バインドスネークカモン」,FALSE,FALSE,FALSE
1594,th14.3,弾幕アマノジャク,42,七日目,霧雨 魔理沙,,恋符「マシンガンスパーク」,FALSE,FALSE,FALSE
1595,th14.3,弾幕アマノジャク,43,七日目,十六夜 咲夜,,時符「チェンジリングマジック」,FALSE,FALSE,FALSE
1596,th14.3,弾幕アマノジャク,44,七日目,魂魄 妖夢,,彼岸剣「地獄極楽滅多斬り」,FALSE,FALSE,FALSE
1597,th14.3,弾幕アマノジャク,45,七日目,東風谷 早苗,,蛇符「グリーンスネークカモン」,FALSE,FALSE,FALSE
1598,th14.3,弾幕アマノジャク,46,八日目,博麗 霊夢,,神籤「反則結界」,FALSE,FALSE,FALSE
1599,th14.3,弾幕アマノジャク,47,八日目,二ッ岩 マミゾウ,,「鳴かぬなら泣くまで待とう時鳥」,FALSE,FALSE,FALSE
1600,th14.3,弾幕アマノジャク,48,八日目,少名 針妙丸,,「小人の地獄」,FALSE,FALSE,FALSE
1601,th14.3,弾幕アマノジャク,49,八日目,博麗 霊夢,,「パスウェイジョンニードル」,FALSE,FALSE,FALSE
1602,th14.3,弾幕アマノジャク,50,八日目,二ッ岩 マミゾウ,,「にんげんって良いな」,FALSE,FALSE,FALSE
1603,th14.3,弾幕アマノジャク,51,八日目,少名 針妙丸,,輝針「鬼ごろし両目突きの針」,FALSE,FALSE,FALSE
1604,th14.3,弾幕アマノジャク,52,九日目,八坂 神奈子,,御柱「ライジングオンバシラ」,FALSE,FALSE,FALSE
1605,th14.3,弾幕アマノジャク,53,九日目,洩矢 諏訪子,,緑石「ジェイドブレイク」,FALSE,FALSE,FALSE
1606,th14.3,弾幕アマノジャク,54,九日目,物部 布都,,古舟「エンシェントシップ」,FALSE,FALSE,FALSE
1607,th14.3,弾幕アマノジャク,55,九日目,伊吹 萃香,,鬼群「インプスウォーム」,FALSE,FALSE,FALSE
1608,th14.3,弾幕アマノジャク,56,九日目,八坂 神奈子,,「神の御威光」,FALSE,FALSE,FALSE
1609,th14.3,弾幕アマノジャク,57,九日目,洩矢 諏訪子,,蛙符「血塗られた赤蛙塚」,FALSE,FALSE,FALSE
1610,th14.3,弾幕アマノジャク,58,九日目,物部 布都,,熱龍「火焔龍脈」,FALSE,FALSE,FALSE
1611,th14.3,弾幕アマノジャク,59,九日目,伊吹 萃香,,鬼群「百鬼禿童」,FALSE,FALSE,FALSE
1612,th14.3,弾幕アマノジャク,60,十日目,聖 白蓮,,「ハリの制縛」,FALSE,FALSE,FALSE
1613,th14.3,弾幕アマノジャク,61,十日目,豊聡耳 神子,,「我こそが天道なり」,FALSE,FALSE,FALSE
1614,th14.3,弾幕アマノジャク,62,十日目,比那名居 天子,,「全妖怪の緋想天」,FALSE,FALSE,FALSE
1615,th14.3,弾幕アマノジャク,63,十日目,レミリア・スカーレット,,「フィットフルナイトメア」,FALSE,FALSE,FALSE
1616,th14.3,弾幕アマノジャク,64,十日目,八雲 紫,,「不可能弾幕結界」,FALSE,FALSE,FALSE
1617,th14.3,弾幕アマノジャク,65,十日目,聖 白蓮,,「ブラフマーの瞳」,FALSE,FALSE,FALSE
1618,th14.3,弾幕アマノジャク,66,十日目,豊聡耳 神子,,「十七条の憲法爆弾」,FALSE,FALSE,FALSE
1619,th14.3,弾幕アマノジャク,67,十日目,比那名居 天子,,「鹿島鎮護」,FALSE,FALSE,FALSE
1620,th14.3,弾幕アマノジャク,68,十日目,レミリア・スカーレット,,「きゅうけつ鬼ごっこ」,FALSE,FALSE,FALSE
1621,th14.3,弾幕アマノジャク,69,十日目,八雲 紫,,「運鈍根の捕物帖」,FALSE,FALSE,FALSE
1622,th15,紺珠伝,1,1,清蘭,Hard,凶弾「スピードストライク」,FALSE,TRUE,FALSE
1623,th15,紺珠伝,2,1,清蘭,Lunatic,凶弾「スピードストライク」,FALSE,TRUE,FALSE
1624,th15,紺珠伝,3,1,清蘭,Easy,弾符「イーグルシューティング」,FALSE,TRUE,FALSE
1625,th15,紺珠伝,4,1,清蘭,Normal,弾符「イーグルシューティング」,FALSE,TRUE,FALSE
1626,th15,紺珠伝,5,1,清蘭,Hard,弾符「イーグルシューティング」,FALSE,TRUE,FALSE
1627,th15,紺珠伝,6,1,清蘭,Lunatic,弾符「鷹は撃ち抜いた」,FALSE,TRUE,FALSE
1628,th15,紺珠伝,7,1,清蘭,Easy,銃符「ルナティックガン」,FALSE,TRUE,FALSE
1629,th15,紺珠伝,8,1,清蘭,Normal,銃符「ルナティックガン」,FALSE,TRUE,FALSE
1630,th15,紺珠伝,9,1,清蘭,Hard,銃符「ルナティックガン」,FALSE,TRUE,FALSE
1631,th15,紺珠伝,10,1,清蘭,Lunatic,銃符「ルナティックガン」,FALSE,TRUE,FALSE
1632,th15,紺珠伝,11,2,鈴瑚,Easy,兎符「ストロベリーダンゴ」,FALSE,TRUE,FALSE
1633,th15,紺珠伝,12,2,鈴瑚,Normal,兎符「ストロベリーダンゴ」,FALSE,TRUE,FALSE
1634,th15,紺珠伝,13,2,鈴瑚,Hard,兎符「ベリーベリーダンゴ」,FALSE,TRUE,FALSE
1635,th15,紺珠伝,14,2,鈴瑚,Lunatic,兎符「ベリーベリーダンゴ」,FALSE,TRUE,FALSE
1636,th15,紺珠伝,15,2,鈴瑚,Easy,兎符「ダンゴインフリューエンス」,FALSE,TRUE,FALSE
1637,th15,紺珠伝,16,2,鈴瑚,Normal,兎符「ダンゴインフリューエンス」,FALSE,TRUE,FALSE
1638,th15,紺珠伝,17,2,鈴瑚,Hard,兎符「ダンゴインフリューエンス」,FALSE,TRUE,FALSE
1639,th15,紺珠伝,18,2,鈴瑚,Lunatic,兎符「ダンゴインフリューエンス」,FALSE,TRUE,FALSE
1640,th15,紺珠伝,19,2,鈴瑚,Easy,月見「セプテンバーフルムーン」,FALSE,TRUE,FALSE
1641,th15,紺珠伝,20,2,鈴瑚,Normal,月見「セプテンバーフルムーン」,FALSE,TRUE,FALSE
1642,th15,紺珠伝,21,2,鈴瑚,Hard,月見「セプテンバーフルムーン」,FALSE,TRUE,FALSE
1643,th15,紺珠伝,22,2,鈴瑚,Lunatic,月見酒「ルナティックセプテンバー」,FALSE,TRUE,FALSE
1644,th15,紺珠伝,23,3,ドレミー・スイート,Easy,夢符「緋色の悪夢」,FALSE,TRUE,FALSE
1645,th15,紺珠伝,24,3,ドレミー・スイート,Normal,夢符「緋色の悪夢」,FALSE,TRUE,FALSE
1646,th15,紺珠伝,25,3,ドレミー・スイート,Hard,夢符「緋色の圧迫悪夢」,FALSE,TRUE,FALSE
1647,th15,紺珠伝,26,3,ドレミー・スイート,Lunatic,夢符「緋色の圧迫悪夢」,FALSE,TRUE,FALSE
1648,th15,紺珠伝,27,3,ドレミー・スイート,Easy,夢符「藍色の愁夢」,FALSE,TRUE,FALSE
1649,th15,紺珠伝,28,3,ドレミー・スイート,Normal,夢符「藍色の愁夢」,FALSE,TRUE,FALSE
1650,th15,紺珠伝,29,3,ドレミー・スイート,Hard,夢符「藍色の愁三重夢」,FALSE,TRUE,FALSE
1651,th15,紺珠伝,30,3,ドレミー・スイート,Lunatic,夢符「愁永遠の夢」,FALSE,TRUE,FALSE
1652,th15,紺珠伝,31,3,ドレミー・スイート,Easy,夢符「刈安色の迷夢」,FALSE,TRUE,FALSE
1653,th15,紺珠伝,32,3,ドレミー・スイート,Normal,夢符「刈安色の迷夢」,FALSE,TRUE,FALSE
1654,th15,紺珠伝,33,3,ドレミー・スイート,Hard,夢符「刈安色の錯綜迷夢」,FALSE,TRUE,FALSE
1655,th15,紺珠伝,34,3,ドレミー・スイート,Lunatic,夢符「刈安色の錯綜迷夢」,FALSE,TRUE,FALSE
1656,th15,紺珠伝,35,3,ドレミー・スイート,Easy,夢符「ドリームキャッチャー」,FALSE,TRUE,FALSE
1657,th15,紺珠伝,36,3,ドレミー・スイート,Normal,夢符「ドリームキャッチャー」,FALSE,TRUE,FALSE
1658,th15,紺珠伝,37,3,ドレミー・スイート,Hard,夢符「蒼色のドリームキャッチャー」,FALSE,TRUE,FALSE
1659,th15,紺珠伝,38,3,ドレミー・スイート,Lunatic,夢符「夢我夢中」,FALSE,TRUE,FALSE
1660,th15,紺珠伝,39,3,ドレミー・スイート,Easy,月符「紺色の狂夢」,FALSE,TRUE,FALSE
1661,th15,紺珠伝,40,3,ドレミー・スイート,Normal,月符「紺色の狂夢」,FALSE,TRUE,FALSE
1662,th15,紺珠伝,41,3,ドレミー・スイート,Hard,月符「紺色の狂夢」,FALSE,TRUE,FALSE
1663,th15,紺珠伝,42,3,ドレミー・スイート,Lunatic,月符「紺色の狂夢」,FALSE,TRUE,FALSE
1664,th15,紺珠伝,43,4,稀神サグメ,Easy,玉符「烏合の呪」,FALSE,TRUE,FALSE
1665,th15,紺珠伝,44,4,稀神サグメ,Normal,玉符「烏合の呪」,FALSE,TRUE,FALSE
1666,th15,紺珠伝,45,4,稀神サグメ,Hard,玉符「烏合の逆呪」,FALSE,TRUE,FALSE
1667,th15,紺珠伝,46,4,稀神サグメ,Lunatic,玉符「烏合の二重呪」,FALSE,TRUE,FALSE
1668,th15,紺珠伝,47,4,稀神サグメ,Easy,玉符「穢身探知型機雷」,FALSE,TRUE,FALSE
1669,th15,紺珠伝,48,4,稀神サグメ,Normal,玉符「穢身探知型機雷」,FALSE,TRUE,FALSE
1670,th15,紺珠伝,49,4,稀神サグメ,Hard,玉符「穢身探知型機雷　改」,FALSE,TRUE,FALSE
1671,th15,紺珠伝,50,4,稀神サグメ,Lunatic,玉符「穢身探知型機雷　改」,FALSE,TRUE,FALSE
1672,th15,紺珠伝,51,4,稀神サグメ,Easy,玉符「神々の弾冠」,FALSE,TRUE,FALSE
1673,th15,紺珠伝,52,4,稀神サグメ,Normal,玉符「神々の弾冠」,FALSE,TRUE,FALSE
1674,th15,紺珠伝,53,4,稀神サグメ,Hard,玉符「神々の光り輝く弾冠」,FALSE,TRUE,FALSE
1675,th15,紺珠伝,54,4,稀神サグメ,Lunatic,玉符「神々の光り輝く弾冠」,FALSE,TRUE,FALSE
1676,th15,紺珠伝,55,4,稀神サグメ,Easy,「片翼の白鷺」,FALSE,TRUE,FALSE
1677,th15,紺珠伝,56,4,稀神サグメ,Normal,「片翼の白鷺」,FALSE,TRUE,FALSE
1678,th15,紺珠伝,57,4,稀神サグメ,Hard,「片翼の白鷺」,FALSE,TRUE,FALSE
1679,th15,紺珠伝,58,4,稀神サグメ,Lunatic,「片翼の白鷺」,FALSE,TRUE,FALSE
1680,th15,紺珠伝,59,5,クラウンピース,Easy,獄符「ヘルエクリプス」,TRUE,TRUE,FALSE
1681,th15,紺珠伝,60,5,クラウンピース,Normal,獄符「ヘルエクリプス」,TRUE,TRUE,FALSE
1682,th15,紺珠伝,61,5,クラウンピース,Hard,獄符「地獄の蝕」,TRUE,TRUE,FALSE
1683,th15,紺珠伝,62,5,クラウンピース,Lunatic,獄符「地獄の蝕」,TRUE,TRUE,FALSE
1684,th15,紺珠伝,63,5,クラウンピース,Easy,獄符「フラッシュアンドストライプ」,FALSE,TRUE,FALSE
1685,th15,紺珠伝,64,5,クラウンピース,Normal,獄符「フラッシュアンドストライプ」,FALSE,TRUE,FALSE
1686,th15,紺珠伝,65,5,クラウンピース,Hard,獄符「スターアンドストライプ」,FALSE,TRUE,FALSE
1687,th15,紺珠伝,66,5,クラウンピース,Lunatic,獄符「スターアンドストライプ」,FALSE,TRUE,FALSE
1688,th15,紺珠伝,67,5,クラウンピース,Easy,獄炎「グレイズインフェルノ」,FALSE,TRUE,FALSE
1689,th15,紺珠伝,68,5,クラウンピース,Normal,獄炎「グレイズインフェルノ」,FALSE,TRUE,FALSE
1690,th15,紺珠伝,69,5,クラウンピース,Hard,獄炎「グレイズインフェルノ」,FALSE,TRUE,FALSE
1691,th15,紺珠伝,70,5,クラウンピース,Lunatic,獄炎「かすりの獄意」,FALSE,TRUE,FALSE
1692,th15,紺珠伝,71,5,クラウンピース,Easy,地獄「ストライプドアビス」,FALSE,TRUE,FALSE
1693,th15,紺珠伝,72,5,クラウンピース,Normal,地獄「ストライプドアビス」,FALSE,TRUE,FALSE
1694,th15,紺珠伝,73,5,クラウンピース,Hard,地獄「ストライプドアビス」,FALSE,TRUE,FALSE
1695,th15,紺珠伝,74,5,クラウンピース,Lunatic,地獄「ストライプドアビス」,FALSE,TRUE,FALSE
1696,th15,紺珠伝,75,5,クラウンピース,Easy,「フェイクアポロ」,TRUE,TRUE,FALSE
1697,th15,紺珠伝,76,5,クラウンピース,Normal,「フェイクアポロ」,TRUE,TRUE,FALSE
1698,th15,紺珠伝,77,5,クラウンピース,Hard,「アポロ捏造説」,TRUE,TRUE,FALSE
1699,th15,紺珠伝,78,5,クラウンピース,Lunatic,「アポロ捏造説」,TRUE,TRUE,FALSE
1700,th15,紺珠伝,79,6,純狐,Easy,「掌の純光」,FALSE,TRUE,FALSE
1701,th15,紺珠伝,80,6,純狐,Normal,「掌の純光」,FALSE,TRUE,FALSE
1702,th15,紺珠伝,81,6,純狐,Hard,「掌の純光」,FALSE,TRUE,FALSE
1703,th15,紺珠伝,82,6,純狐,Lunatic,「掌の純光」,FALSE,TRUE,FALSE
1704,th15,紺珠伝,83,6,純狐,Easy,「殺意の百合」,FALSE,TRUE,FALSE
1705,th15,紺珠伝,84,6,純狐,Normal,「殺意の百合」,FALSE,TRUE,FALSE
1706,th15,紺珠伝,85,6,純狐,Hard,「殺意の百合」,FALSE,TRUE,FALSE
1707,th15,紺珠伝,86,6,純狐,Lunatic,「殺意の百合」,FALSE,TRUE,FALSE
1708,th15,紺珠伝,87,6,純狐,Easy,「原始の神霊界」,FALSE,TRUE,FALSE
1709,th15,紺珠伝,88,6,純狐,Normal,「原始の神霊界」,FALSE,TRUE,FALSE
1710,th15,紺珠伝,89,6,純狐,Hard,「現代の神霊界」,FALSE,TRUE,FALSE
1711,th15,紺珠伝,90,6,純狐,Lunatic,「現代の神霊界」,FALSE,TRUE,FALSE
1712,th15,紺珠伝,91,6,純狐,Easy,「震え凍える星」,FALSE,TRUE,FALSE
1713,th15,紺珠伝,92,6,純狐,Normal,「震え凍える星」,FALSE,TRUE,FALSE
1714,th15,紺珠伝,93,6,純狐,Hard,「震え凍える星」,FALSE,TRUE,FALSE
1715,th15,紺珠伝,94,6,純狐,Lunatic,「震え凍える星」,FALSE,TRUE,FALSE
1716,th15,紺珠伝,95,6,純狐,Easy,「純粋なる狂気」,FALSE,TRUE,FALSE
1717,th15,紺珠伝,96,6,純狐,Normal,「純粋なる狂気」,FALSE,TRUE,FALSE
1718,th15,紺珠伝,97,6,純狐,Hard,「純粋なる狂気」,FALSE,TRUE,FALSE
1719,th15,紺珠伝,98,6,純狐,Lunatic,「純粋なる狂気」,FALSE,TRUE,FALSE
1720,th15,紺珠伝,99,6,純狐,Easy,「溢れ出る瑕穢」,TRUE,TRUE,FALSE
1721,th15,紺珠伝,100,6,純狐,Normal,「溢れ出る瑕穢」,TRUE,TRUE,FALSE
1722,th15,紺珠伝,101,6,純狐,Hard,「溢れ出る瑕穢」,TRUE,TRUE,FALSE
1723,th15,紺珠伝,102,6,純狐,Lunatic,「地上穢の純化」,TRUE,TRUE,FALSE
1724,th15,紺珠伝,103,6,純狐,Easy,純符「ピュアリーバレットヘル」,FALSE,TRUE,FALSE
1725,th15,紺珠伝,104,6,純狐,Normal,純符「ピュアリーバレットヘル」,FALSE,TRUE,FALSE
1726,th15,紺珠伝,105,6,純狐,Hard,純符「純粋な弾幕地獄」,FALSE,TRUE,FALSE
1727,th15,紺珠伝,106,6,純狐,Lunatic,純符「純粋な弾幕地獄」,FALSE,TRUE,FALSE
1728,th15,紺珠伝,107,Ex,ドレミー・スイート,Extra,胡蝶「バタフライサプランテーション」,FALSE,TRUE,FALSE
1729,th15,紺珠伝,108,Ex,ドレミー・スイート,Extra,超特急「ドリームエクスプレス」,FALSE,TRUE,FALSE
1730,th15,紺珠伝,109,Ex,ドレミー・スイート,Extra,這夢「クリーピングバレット」,FALSE,TRUE,FALSE
1731,th15,紺珠伝,110,Ex,ヘカーティア・ラピスラズリ,Extra,異界「逢魔ガ刻」,FALSE,TRUE,FALSE
1732,th15,紺珠伝,111,Ex,ヘカーティア・ラピスラズリ,Extra,地球「邪穢在身」,FALSE,TRUE,FALSE
1733,th15,紺珠伝,112,Ex,ヘカーティア・ラピスラズリ,Extra,月「アポロ反射鏡」,FALSE,TRUE,FALSE
1734,th15,紺珠伝,113,Ex,純狐,Extra,「袋の鼠を追い詰める為の単純な弾幕」,FALSE,TRUE,FALSE
1735,th15,紺珠伝,114,Ex,ヘカーティア・ラピスラズリ,Extra,異界「地獄のノンイデアル弾幕」,FALSE,TRUE,FALSE
1736,th15,紺珠伝,115,Ex,ヘカーティア・ラピスラズリ,Extra,地球「地獄に降る雨」,FALSE,TRUE,FALSE
1737,th15,紺珠伝,116,Ex,ヘカーティア・ラピスラズリ,Extra,月「ルナティックインパクト」,FALSE,TRUE,FALSE
1738,th15,紺珠伝,117,Ex,純狐,Extra,「人を殺める為の純粋な弾幕」,FALSE,TRUE,FALSE
1739,th15,紺珠伝,118,Ex,ヘカーティア・ラピスラズリ,Extra,「トリニタリアンラプソディ」,TRUE,TRUE,FALSE
1740,th15,紺珠伝,119,Ex,ヘカーティア・ラピスラズリ＆純狐,Extra,「最初で最後の無名の弾幕」,FALSE,TRUE,FALSE
1741,th16,天空璋,1,1,エタニティラルバ,Easy,蝶符「ミニットスケールス」,FALSE,TRUE,FALSE
1742,th16,天空璋,2,1,エタニティラルバ,Normal,蝶符「ミニットスケールス」,FALSE,TRUE,FALSE
1743,th16,天空璋,3,1,エタニティラルバ,Hard,蝶符「アゲハの鱗粉」,FALSE,TRUE,FALSE
1744,th16,天空璋,4,1,エタニティラルバ,Lunatic,蝶符「アゲハの鱗粉」,FALSE,TRUE,FALSE
1745,th16,天空璋,5,1,エタニティラルバ,Easy,蝶符「フラッタリングサマー」,FALSE,TRUE,FALSE
1746,th16,天空璋,6,1,エタニティラルバ,Normal,蝶符「フラッタリングサマー」,FALSE,TRUE,FALSE
1747,th16,天空璋,7,1,エタニティラルバ,Hard,蝶符「真夏の羽ばたき」,FALSE,TRUE,FALSE
1748,th16,天空璋,8,1,エタニティラルバ,Lunatic,蝶符「真夏の羽ばたき」,FALSE,TRUE,FALSE
1749,th16,天空璋,9,2,坂田ネムノ,Easy,雨符「囚われの秋雨」,FALSE,TRUE,FALSE
1750,th16,天空璋,10,2,坂田ネムノ,Normal,雨符「囚われの秋雨」,FALSE,TRUE,FALSE
1751,th16,天空璋,11,2,坂田ネムノ,Hard,雨符「呪われた柴榑雨」,FALSE,TRUE,FALSE
1752,th16,天空璋,12,2,坂田ネムノ,Lunatic,雨符「呪われた柴榑雨」,FALSE,TRUE,FALSE
1753,th16,天空璋,13,2,坂田ネムノ,Easy,刃符「山姥の包丁研ぎ」,FALSE,TRUE,FALSE
1754,th16,天空璋,14,2,坂田ネムノ,Normal,刃符「山姥の包丁研ぎ」,FALSE,TRUE,FALSE
1755,th16,天空璋,15,2,坂田ネムノ,Hard,刃符「山姥の鬼包丁研ぎ」,FALSE,TRUE,FALSE
1756,th16,天空璋,16,2,坂田ネムノ,Lunatic,刃符「山姥の鬼包丁研ぎ」,FALSE,TRUE,FALSE
1757,th16,天空璋,17,2,坂田ネムノ,Easy,尽符「マウンテンマーダー」,FALSE,TRUE,FALSE
1758,th16,天空璋,18,2,坂田ネムノ,Normal,尽符「マウンテンマーダー」,FALSE,TRUE,FALSE
1759,th16,天空璋,19,2,坂田ネムノ,Hard,尽符「ブラッディマウンテンマーダー」,FALSE,TRUE,FALSE
1760,th16,天空璋,20,2,坂田ネムノ,Lunatic,尽符「ブラッディマウンテンマーダー」,FALSE,TRUE,FALSE
1761,th16,天空璋,21,3,リリーホワイト,Hard,春符「サプライズスプリング」,FALSE,TRUE,FALSE
1762,th16,天空璋,22,3,リリーホワイト,Lunatic,春符「サプライズスプリング」,FALSE,TRUE,FALSE
1763,th16,天空璋,23,3,高麗野あうん,Easy,犬符「野良犬の散歩」,FALSE,TRUE,FALSE
1764,th16,天空璋,24,3,高麗野あうん,Normal,犬符「野良犬の散歩」,FALSE,TRUE,FALSE
1765,th16,天空璋,25,3,高麗野あうん,Hard,狗符「山狗の散歩」,FALSE,TRUE,FALSE
1766,th16,天空璋,26,3,高麗野あうん,Lunatic,狗符「山狗の散歩」,FALSE,TRUE,FALSE
1767,th16,天空璋,27,3,高麗野あうん,Easy,独楽「コマ犬回し」,FALSE,TRUE,FALSE
1768,th16,天空璋,28,3,高麗野あうん,Normal,独楽「コマ犬回し」,FALSE,TRUE,FALSE
1769,th16,天空璋,29,3,高麗野あうん,Hard,独楽「コマ犬回し」,FALSE,TRUE,FALSE
1770,th16,天空璋,30,3,高麗野あうん,Lunatic,独楽「カールアップアンドダイ」,FALSE,TRUE,FALSE
1771,th16,天空璋,31,3,高麗野あうん,Easy,狗符「独り阿吽の呼吸」,FALSE,TRUE,FALSE
1772,th16,天空璋,32,3,高麗野あうん,Normal,狗符「独り阿吽の呼吸」,FALSE,TRUE,FALSE
1773,th16,天空璋,33,3,高麗野あうん,Hard,狗符「独り阿吽の呼吸」,FALSE,TRUE,FALSE
1774,th16,天空璋,34,3,高麗野あうん,Lunatic,狗符「独り阿吽の呼吸」,FALSE,TRUE,FALSE
1775,th16,天空璋,35,4,矢田寺成美,Easy,魔符「インスタントボーディ」,FALSE,TRUE,FALSE
1776,th16,天空璋,36,4,矢田寺成美,Normal,魔符「インスタントボーディ」,FALSE,TRUE,FALSE
1777,th16,天空璋,37,4,矢田寺成美,Hard,魔符「即席菩提」,FALSE,TRUE,FALSE
1778,th16,天空璋,38,4,矢田寺成美,Lunatic,魔符「即席菩提」,FALSE,TRUE,FALSE
1779,th16,天空璋,39,4,矢田寺成美,Easy,魔符「バレットゴーレム」,FALSE,TRUE,FALSE
1780,th16,天空璋,40,4,矢田寺成美,Normal,魔符「バレットゴーレム」,FALSE,TRUE,FALSE
1781,th16,天空璋,41,4,矢田寺成美,Hard,魔符「ペットの巨大弾生命体」,FALSE,TRUE,FALSE
1782,th16,天空璋,42,4,矢田寺成美,Lunatic,魔符「ペットの巨大弾生命体」,FALSE,TRUE,FALSE
1783,th16,天空璋,43,4,矢田寺成美,Easy,地蔵「クリミナルサルヴェイション」,FALSE,TRUE,FALSE
1784,th16,天空璋,44,4,矢田寺成美,Normal,地蔵「クリミナルサルヴェイション」,FALSE,TRUE,FALSE
1785,th16,天空璋,45,4,矢田寺成美,Hard,地蔵「業火救済」,FALSE,TRUE,FALSE
1786,th16,天空璋,46,4,矢田寺成美,Lunatic,地蔵「業火救済」,FALSE,TRUE,FALSE
1787,th16,天空璋,47,5,丁礼田舞,Easy,竹符「バンブースピアダンス」,FALSE,TRUE,FALSE
1788,th16,天空璋,48,5,丁礼田舞,Normal,竹符「バンブースピアダンス」,FALSE,TRUE,FALSE
1789,th16,天空璋,49,5,丁礼田舞,Hard,竹符「バンブークレイジーダンス」,FALSE,TRUE,FALSE
1790,th16,天空璋,50,5,丁礼田舞,Lunatic,竹符「バンブークレイジーダンス」,FALSE,TRUE,FALSE
1791,th16,天空璋,51,5,爾子田里乃,Easy,茗荷「フォゲットユアネーム」,FALSE,TRUE,FALSE
1792,th16,天空璋,52,5,爾子田里乃,Normal,茗荷「フォゲットユアネーム」,FALSE,TRUE,FALSE
1793,th16,天空璋,53,5,爾子田里乃,Hard,茗荷「フォゲットユアネーム」,FALSE,TRUE,FALSE
1794,th16,天空璋,54,5,爾子田里乃,Lunatic,茗荷「フォゲットユアネーム」,FALSE,TRUE,FALSE
1795,th16,天空璋,55,5,丁礼田舞,Easy,笹符「タナバタスターフェスティバル」,FALSE,TRUE,FALSE
1796,th16,天空璋,56,5,丁礼田舞,Normal,笹符「タナバタスターフェスティバル」,FALSE,TRUE,FALSE
1797,th16,天空璋,57,5,丁礼田舞,Hard,笹符「タナバタスターフェスティバル」,FALSE,TRUE,FALSE
1798,th16,天空璋,58,5,丁礼田舞,Lunatic,笹符「タナバタスターフェスティバル」,FALSE,TRUE,FALSE
1799,th16,天空璋,59,5,爾子田里乃,Easy,冥加「ビハインドユー」,FALSE,TRUE,FALSE
1800,th16,天空璋,60,5,爾子田里乃,Normal,冥加「ビハインドユー」,FALSE,TRUE,FALSE
1801,th16,天空璋,61,5,爾子田里乃,Hard,冥加「ビハインドユー」,FALSE,TRUE,FALSE
1802,th16,天空璋,62,5,爾子田里乃,Lunatic,冥加「ビハインドユー」,FALSE,TRUE,FALSE
1803,th16,天空璋,63,5,丁礼田舞＆爾子田里乃,Easy,舞符「ビハインドフェスティバル」,FALSE,TRUE,FALSE
1804,th16,天空璋,64,5,丁礼田舞＆爾子田里乃,Normal,舞符「ビハインドフェスティバル」,FALSE,TRUE,FALSE
1805,th16,天空璋,65,5,丁礼田舞＆爾子田里乃,Hard,舞符「ビハインドフェスティバル」,FALSE,TRUE,FALSE
1806,th16,天空璋,66,5,丁礼田舞＆爾子田里乃,Lunatic,舞符「ビハインドフェスティバル」,FALSE,TRUE,FALSE
1807,th16,天空璋,67,5,丁礼田舞＆爾子田里乃,Easy,狂舞「テングオドシ」,FALSE,TRUE,FALSE
1808,th16,天空璋,68,5,丁礼田舞＆爾子田里乃,Normal,狂舞「テングオドシ」,FALSE,TRUE,FALSE
1809,th16,天空璋,69,5,丁礼田舞＆爾子田里乃,Hard,狂舞「狂乱天狗怖し」,FALSE,TRUE,FALSE
1810,th16,天空璋,70,5,丁礼田舞＆爾子田里乃,Lunatic,狂舞「狂乱天狗怖し」,FALSE,TRUE,FALSE
1811,th16,天空璋,71,6,摩多羅隠岐奈,Easy,後符「秘神の後光」,FALSE,TRUE,FALSE
1812,th16,天空璋,72,6,摩多羅隠岐奈,Normal,後符「秘神の後光」,FALSE,TRUE,FALSE
1813,th16,天空璋,73,6,摩多羅隠岐奈,Hard,後符「秘神の後光」,FALSE,TRUE,FALSE
1814,th16,天空璋,74,6,摩多羅隠岐奈,Lunatic,後符「絶対秘神の後光」,FALSE,TRUE,FALSE
1815,th16,天空璋,75,6,摩多羅隠岐奈,Easy,裏夏「スコーチ・バイ・ホットサマー」,FALSE,TRUE,FALSE
1816,th16,天空璋,76,6,摩多羅隠岐奈,Normal,裏夏「スコーチ・バイ・ホットサマー」,FALSE,TRUE,FALSE
1817,th16,天空璋,77,6,摩多羅隠岐奈,Hard,裏夏「異常猛暑の焦土」,FALSE,TRUE,FALSE
1818,th16,天空璋,78,6,摩多羅隠岐奈,Lunatic,裏夏「異常猛暑の焦土」,FALSE,TRUE,FALSE
1819,th16,天空璋,79,6,摩多羅隠岐奈,Easy,裏秋「ダイ・オブ・ファミン」,FALSE,TRUE,FALSE
1820,th16,天空璋,80,6,摩多羅隠岐奈,Normal,裏秋「ダイ・オブ・ファミン」,FALSE,TRUE,FALSE
1821,th16,天空璋,81,6,摩多羅隠岐奈,Hard,裏秋「異常枯死の餓鬼」,FALSE,TRUE,FALSE
1822,th16,天空璋,82,6,摩多羅隠岐奈,Lunatic,裏秋「異常枯死の餓鬼」,FALSE,TRUE,FALSE
1823,th16,天空璋,83,6,摩多羅隠岐奈,Easy,裏冬「ブラックスノーマン」,FALSE,TRUE,FALSE
1824,th16,天空璋,84,6,摩多羅隠岐奈,Normal,裏冬「ブラックスノーマン」,FALSE,TRUE,FALSE
1825,th16,天空璋,85,6,摩多羅隠岐奈,Hard,裏冬「異常降雪の雪だるま」,FALSE,TRUE,FALSE
1826,th16,天空璋,86,6,摩多羅隠岐奈,Lunatic,裏冬「異常降雪の雪だるま」,FALSE,TRUE,FALSE
1827,th16,天空璋,87,6,摩多羅隠岐奈,Easy,裏春「エイプリルウィザード」,FALSE,TRUE,FALSE
1828,th16,天空璋,88,6,摩多羅隠岐奈,Normal,裏春「エイプリルウィザード」,FALSE,TRUE,FALSE
1829,th16,天空璋,89,6,摩多羅隠岐奈,Hard,裏春「異常落花の魔術使い」,FALSE,TRUE,FALSE
1830,th16,天空璋,90,6,摩多羅隠岐奈,Lunatic,裏春「異常落花の魔術使い」,FALSE,TRUE,FALSE
1831,th16,天空璋,91,6,摩多羅隠岐奈,Easy,「裏・ブリージーチェリーブロッサム」,FALSE,TRUE,FALSE
1832,th16,天空璋,92,6,摩多羅隠岐奈,Normal,「裏・ブリージーチェリーブロッサム」,FALSE,TRUE,FALSE
1833,th16,天空璋,93,6,摩多羅隠岐奈,Hard,「裏・ブリージーチェリーブロッサム」,FALSE,TRUE,FALSE
1834,th16,天空璋,94,6,摩多羅隠岐奈,Lunatic,「裏・ブリージーチェリーブロッサム」,FALSE,TRUE,FALSE
1835,th16,天空璋,95,6,摩多羅隠岐奈,Easy,「裏・パーフェクトサマーアイス」,FALSE,TRUE,FALSE
1836,th16,天空璋,96,6,摩多羅隠岐奈,Normal,「裏・パーフェクトサマーアイス」,FALSE,TRUE,FALSE
1837,th16,天空璋,97,6,摩多羅隠岐奈,Hard,「裏・パーフェクトサマーアイス」,FALSE,TRUE,FALSE
1838,th16,天空璋,98,6,摩多羅隠岐奈,Lunatic,「裏・パーフェクトサマーアイス」,FALSE,TRUE,FALSE
1839,th16,天空璋,99,6,摩多羅隠岐奈,Easy,「裏・クレイジーフォールウィンド」,FALSE,TRUE,FALSE
1840,th16,天空璋,100,6,摩多羅隠岐奈,Normal,「裏・クレイジーフォールウィンド」,FALSE,TRUE,FALSE
1841,th16,天空璋,101,6,摩多羅隠岐奈,Hard,「裏・クレイジーフォールウィンド」,FALSE,TRUE,FALSE
1842,th16,天空璋,102,6,摩多羅隠岐奈,Lunatic,「裏・クレイジーフォールウィンド」,FALSE,TRUE,FALSE
1843,th16,天空璋,103,6,摩多羅隠岐奈,Easy,「裏・エクストリームウィンター」,FALSE,TRUE,FALSE
1844,th16,天空璋,104,6,摩多羅隠岐奈,Normal,「裏・エクストリームウィンター」,FALSE,TRUE,FALSE
1845,th16,天空璋,105,6,摩多羅隠岐奈,Hard,「裏・エクストリームウィンター」,FALSE,TRUE,FALSE
1846,th16,天空璋,106,6,摩多羅隠岐奈,Lunatic,「裏・エクストリームウィンター」,FALSE,TRUE,FALSE
1847,th16,天空璋,107,Ex,丁礼田舞＆爾子田里乃,Extra,鼓舞「パワフルチアーズ」,FALSE,TRUE,FALSE
1848,th16,天空璋,108,Ex,丁礼田舞＆爾子田里乃,Extra,狂舞「クレイジーバックダンス」,FALSE,TRUE,FALSE
1849,th16,天空璋,109,Ex,丁礼田舞＆爾子田里乃,Extra,弾舞「二つ目の台風」,FALSE,TRUE,FALSE
1850,th16,天空璋,110,Ex,摩多羅隠岐奈,Extra,秘儀「リバースインヴォーカー」,FALSE,TRUE,FALSE
1851,th16,天空璋,111,Ex,摩多羅隠岐奈,Extra,秘儀「裏切りの後方射撃」,FALSE,TRUE,FALSE
1852,th16,天空璋,112,Ex,摩多羅隠岐奈,Extra,秘儀「弾幕の玉繭」,FALSE,TRUE,FALSE
1853,th16,天空璋,113,Ex,摩多羅隠岐奈,Extra,秘儀「穢那の火」,FALSE,TRUE,FALSE
1854,th16,天空璋,114,Ex,摩多羅隠岐奈,Extra,秘儀「後戸の狂言」,FALSE,TRUE,FALSE
1855,th16,天空璋,115,Ex,摩多羅隠岐奈,Extra,秘儀「マターラドゥッカ」,FALSE,TRUE,FALSE
1856,th16,天空璋,116,Ex,摩多羅隠岐奈,Extra,秘儀「七星の剣」,FALSE,TRUE,FALSE
1857,th16,天空璋,117,Ex,摩多羅隠岐奈,Extra,秘儀「無縁の芸能者」,FALSE,TRUE,FALSE
1858,th16,天空璋,118,Ex,摩多羅隠岐奈,Extra,「背面の暗黒猿楽」,TRUE,TRUE,FALSE
1859,th16,天空璋,119,Ex,摩多羅隠岐奈,Extra,「アナーキーバレットヘル」,FALSE,TRUE,FALSE
1860,th16.5,秘封ナイトメアダイアリー,1,月曜日,清蘭,,弾符「イーグルシューティング」,FALSE,FALSE,FALSE
1861,th16.5,秘封ナイトメアダイアリー,2,月曜日,鈴瑚,,兎符「ストロベリー大ダンゴ」,FALSE,FALSE,FALSE
1862,th16.5,秘封ナイトメアダイアリー,3,月曜日,清蘭,,弾符「ラビットファルコナー」,FALSE,FALSE,FALSE
1863,th16.5,秘封ナイトメアダイアリー,4,月曜日,鈴瑚,,兎符「ダンゴ三姉妹」,FALSE,FALSE,FALSE
1864,th16.5,秘封ナイトメアダイアリー,5,火曜日,エタニティラルバ,,蝶符「バタフライドリーム」,FALSE,FALSE,FALSE
1865,th16.5,秘封ナイトメアダイアリー,6,火曜日,エタニティラルバ,,蝶符「纏わり付く鱗粉」,FALSE,FALSE,FALSE
1866,th16.5,秘封ナイトメアダイアリー,7,水曜日,矢田寺 成美,,魔符「慈愛の地蔵」,FALSE,FALSE,FALSE
1867,th16.5,秘封ナイトメアダイアリー,8,水曜日,矢田寺 成美,,地蔵「菩薩ストンプ」,FALSE,FALSE,FALSE
1868,th16.5,秘封ナイトメアダイアリー,9,水曜日,矢田寺 成美,,地蔵「活きの良いバレットゴーレム」,FALSE,FALSE,FALSE
1869,th16.5,秘封ナイトメアダイアリー,10,木曜日,坂田 ネムノ,,研符「狂い輝く鬼包丁」,FALSE,FALSE,FALSE
1870,th16.5,秘封ナイトメアダイアリー,11,木曜日,坂田 ネムノ,,殺符「窮僻の山姥」,FALSE,FALSE,FALSE
1871,th16.5,秘封ナイトメアダイアリー,12,金曜日,高麗野 あうん,,独楽「コマ犬大回転」,FALSE,FALSE,FALSE
1872,th16.5,秘封ナイトメアダイアリー,13,金曜日,高麗野 あうん,,独楽「阿吽の閃光」,FALSE,FALSE,FALSE
1873,th16.5,秘封ナイトメアダイアリー,14,裏・日曜日,清蘭,,夢弾「ルナティックドリームショット」,FALSE,FALSE,FALSE
1874,th16.5,秘封ナイトメアダイアリー,15,裏・日曜日,鈴瑚,,団子「ダンゴフラワー」,FALSE,FALSE,FALSE
1875,th16.5,秘封ナイトメアダイアリー,16,裏・日曜日,エタニティラルバ,,夢蝶「クレージーバタフライ」,FALSE,FALSE,FALSE
1876,th16.5,秘封ナイトメアダイアリー,17,裏・日曜日,矢田寺 成美,,夢地蔵「劫火の希望」,FALSE,FALSE,FALSE
1877,th16.5,秘封ナイトメアダイアリー,18,裏・日曜日,坂田 ネムノ,,夢尽「殺人鬼の懐」,FALSE,FALSE,FALSE
1878,th16.5,秘封ナイトメアダイアリー,19,裏・日曜日,高麗野 あうん,,夢犬「１０１匹の野良犬」,FALSE,FALSE,FALSE
1879,th16.5,秘封ナイトメアダイアリー,20,裏・月曜日,クラウンピース,,獄符「バースティンググラッジ」,FALSE,FALSE,FALSE
1880,th16.5,秘封ナイトメアダイアリー,21,裏・月曜日,クラウンピース,,獄符「ダブルストライプ」,FALSE,FALSE,FALSE
1881,th16.5,秘封ナイトメアダイアリー,22,裏・月曜日,クラウンピース,,月夢「エクリプスナイトメア」,FALSE,FALSE,FALSE
1882,th16.5,秘封ナイトメアダイアリー,23,裏・火曜日,稀神 サグメ,,玉符「金城鉄壁の陰陽玉」,FALSE,FALSE,FALSE
1883,th16.5,秘封ナイトメアダイアリー,24,裏・火曜日,稀神 サグメ,,玉符「神々の写し難い弾冠」,FALSE,FALSE,FALSE
1884,th16.5,秘封ナイトメアダイアリー,25,裏・火曜日,稀神 サグメ,,夢鷺「片翼の夢鷺」,FALSE,FALSE,FALSE
1885,th16.5,秘封ナイトメアダイアリー,26,裏・水曜日,丁礼田 舞,,竹符「バンブーラビリンス」,FALSE,FALSE,FALSE
1886,th16.5,秘封ナイトメアダイアリー,27,裏・水曜日,爾子田 里乃,,茗荷「メスメリズムダンス」,FALSE,FALSE,FALSE
1887,th16.5,秘封ナイトメアダイアリー,28,裏・水曜日,丁礼田 舞,,笹符「タナバタスタードリーム」,FALSE,FALSE,FALSE
1888,th16.5,秘封ナイトメアダイアリー,29,裏・水曜日,爾子田 里乃,,冥加「ビハインドナイトメア」,FALSE,FALSE,FALSE
1889,th16.5,秘封ナイトメアダイアリー,30,裏・木曜日,ヘカーティア・ラピスラズリ,,異界「ディストーテッドファイア」,FALSE,FALSE,FALSE
1890,th16.5,秘封ナイトメアダイアリー,31,裏・木曜日,ヘカーティア・ラピスラズリ,,異界「恨みがましい地獄の雨」,FALSE,FALSE,FALSE
1891,th16.5,秘封ナイトメアダイアリー,32,裏・木曜日,ヘカーティア・ラピスラズリ,,月「コズミックレディエーション」,FALSE,FALSE,FALSE
1892,th16.5,秘封ナイトメアダイアリー,33,裏・木曜日,ヘカーティア・ラピスラズリ,,異界「逢魔ガ刻　夢」,FALSE,FALSE,FALSE
1893,th16.5,秘封ナイトメアダイアリー,34,裏・木曜日,ヘカーティア・ラピスラズリ,,「月が堕ちてくる！」,FALSE,FALSE,FALSE
1894,th16.5,秘封ナイトメアダイアリー,35,裏・金曜日,純狐,,「震え凍える悪夢」,FALSE,FALSE,FALSE
1895,th16.5,秘封ナイトメアダイアリー,36,裏・金曜日,純狐,,「サイケデリックマンダラ」,FALSE,FALSE,FALSE
1896,th16.5,秘封ナイトメアダイアリー,37,裏・金曜日,純狐,,「極めて威厳のある純光」,FALSE,FALSE,FALSE
1897,th16.5,秘封ナイトメアダイアリー,38,裏・金曜日,純狐,,「確実に悪夢で殺す為の弾幕」,FALSE,FALSE,FALSE
1898,th16.5,秘封ナイトメアダイアリー,39,裏・土曜日,摩多羅 隠岐奈,,秘儀「マターラスッカ」,FALSE,FALSE,FALSE
1899,th16.5,秘封ナイトメアダイアリー,40,裏・土曜日,摩多羅 隠岐奈,,秘儀「背面の邪炎」,FALSE,FALSE,FALSE
1900,th16.5,秘封ナイトメアダイアリー,41,裏・土曜日,摩多羅 隠岐奈,,後符「絶対秘神の後光」,FALSE,FALSE,FALSE
1901,th16.5,秘封ナイトメアダイアリー,42,裏・土曜日,摩多羅 隠岐奈,,秘儀「秘神の暗躍弾幕」,FALSE,FALSE,FALSE
1902,th16.5,秘封ナイトメアダイアリー,43,裏・土曜日,摩多羅 隠岐奈,,秘儀「神秘の玉繭」,FALSE,FALSE,FALSE
1903,th16.5,秘封ナイトメアダイアリー,44,悪夢日曜,レミリア・スカーレット＆フランドール・スカーレット,,紅魔符「ブラッディカタストロフ」,FALSE,FALSE,FALSE
1904,th16.5,秘封ナイトメアダイアリー,45,悪夢日曜,聖 白蓮＆豊聡耳 神子,,星神符「十七条の超人」,FALSE,FALSE,FALSE
1905,th16.5,秘封ナイトメアダイアリー,46,悪夢日曜,レミリア・スカーレット＆聖 白蓮,,紅星符「超人ブラッディナイフ」,FALSE,FALSE,FALSE
1906,th16.5,秘封ナイトメアダイアリー,47,悪夢日曜,フランドール・スカーレット＆豊聡耳 神子,,紅神符「十七条のカタストロフ」,FALSE,FALSE,FALSE
1907,th16.5,秘封ナイトメアダイアリー,48,悪夢日曜,レミリア・スカーレット＆豊聡耳 神子,,神紅符「ブラッディ十七条のレーザー」,FALSE,FALSE,FALSE
1908,th16.5,秘封ナイトメアダイアリー,49,悪夢日曜,フランドール・スカーレット＆聖 白蓮,,紅星符「超人カタストロフ行脚」,FALSE,FALSE,FALSE
1909,th16.5,秘封ナイトメアダイアリー,50,悪夢月曜,西行寺 幽々子＆四季映姫・ヤマザナドゥ,,妖花符「バタフライストーム閻魔笏」,FALSE,FALSE,FALSE
1910,th16.5,秘封ナイトメアダイアリー,51,悪夢月曜,八坂 神奈子＆洩矢 諏訪子,,風神符「ミシャバシラ」,FALSE,FALSE,FALSE
1911,th16.5,秘封ナイトメアダイアリー,52,悪夢月曜,西行寺 幽々子＆八坂 神奈子,,風妖符「死蝶オンバシラ」,FALSE,FALSE,FALSE
1912,th16.5,秘封ナイトメアダイアリー,53,悪夢月曜,四季映姫・ヤマザナドゥ＆洩矢 諏訪子,,風花符「ミシャグジ様の是非」,FALSE,FALSE,FALSE
1913,th16.5,秘封ナイトメアダイアリー,54,悪夢月曜,西行寺 幽々子＆洩矢 諏訪子,,妖風符「土着蝶ストーム」,FALSE,FALSE,FALSE
1914,th16.5,秘封ナイトメアダイアリー,55,悪夢月曜,四季映姫・ヤマザナドゥ＆八坂 神奈子,,風花符「オンバシラ裁判」,FALSE,FALSE,FALSE
1915,th16.5,秘封ナイトメアダイアリー,56,悪夢火曜,八意 永琳＆蓬莱山 輝夜,,永夜符「蓬莱壺中の弾の枝」,FALSE,FALSE,FALSE
1916,th16.5,秘封ナイトメアダイアリー,57,悪夢火曜,比那名居 天子＆少名 針妙丸,,緋針符「要石も大きくなあれ」,FALSE,FALSE,FALSE
1917,th16.5,秘封ナイトメアダイアリー,58,悪夢火曜,八意 永琳＆比那名居 天子,,永緋符「墜落する壺中の有頂天」,FALSE,FALSE,FALSE
1918,th16.5,秘封ナイトメアダイアリー,59,悪夢火曜,蓬莱山 輝夜＆少名 針妙丸,,輝夜符「蓬莱の大きな弾の枝」,FALSE,FALSE,FALSE
1919,th16.5,秘封ナイトメアダイアリー,60,悪夢火曜,八意 永琳＆少名 針妙丸,,永輝符「大きくなる壺」,FALSE,FALSE,FALSE
1920,th16.5,秘封ナイトメアダイアリー,61,悪夢火曜,蓬莱山 輝夜＆比那名居 天子,,緋夜符「蓬莱の弾の要石」,FALSE,FALSE,FALSE
1921,th16.5,秘封ナイトメアダイアリー,62,悪夢水曜,古明地 さとり＆霊烏路 空,,地霊符「マインドステラスチール」,FALSE,FALSE,FALSE
1922,th16.5,秘封ナイトメアダイアリー,63,悪夢水曜,八雲 藍＆古明地 こいし,,地妖符「イドの式神」,FALSE,FALSE,FALSE
1923,th16.5,秘封ナイトメアダイアリー,64,悪夢水曜,古明地 さとり＆古明地 こいし,,「パーフェクトマインドコントロール」,FALSE,FALSE,FALSE
1924,th16.5,秘封ナイトメアダイアリー,65,悪夢水曜,八雲 藍＆霊烏路 空,,地妖符「式神大星」,FALSE,FALSE,FALSE
1925,th16.5,秘封ナイトメアダイアリー,66,悪夢水曜,八雲 藍＆古明地 さとり,,地妖符「エゴの式神」,FALSE,FALSE,FALSE
1926,th16.5,秘封ナイトメアダイアリー,67,悪夢水曜,霊烏路 空＆古明地 こいし,,地霊符「マインドステラリリーフ」,FALSE,FALSE,FALSE
1927,th16.5,秘封ナイトメアダイアリー,68,悪夢木曜,封獣 ぬえ＆二ッ岩 マミゾウ,,神星符「正体不明の怪光人だかり」,FALSE,FALSE,FALSE
1928,th16.5,秘封ナイトメアダイアリー,69,悪夢木曜,永江 衣玖＆堀川 雷鼓,,輝天符「迅雷のドンドコ太鼓」,FALSE,FALSE,FALSE
1929,th16.5,秘封ナイトメアダイアリー,70,悪夢木曜,二ッ岩 マミゾウ＆堀川 雷鼓,,輝神符「謎のドンドコ人だかり」,FALSE,FALSE,FALSE
1930,th16.5,秘封ナイトメアダイアリー,71,悪夢木曜,永江 衣玖＆封獣 ぬえ,,緋星符「正体不明の落雷」,FALSE,FALSE,FALSE
1931,th16.5,秘封ナイトメアダイアリー,72,悪夢木曜,永江 衣玖＆二ッ岩 マミゾウ,,神緋符「雷雨の中のストーカー」,FALSE,FALSE,FALSE
1932,th16.5,秘封ナイトメアダイアリー,73,悪夢木曜,封獣 ぬえ＆堀川 雷鼓,,輝星符「正体不明のドンドコ太鼓」,FALSE,FALSE,FALSE
1933,th16.5,秘封ナイトメアダイアリー,74,悪夢金曜,伊吹 萃香＆藤原 妹紅,,萃夜符「身命霧散」,FALSE,FALSE,FALSE
1934,th16.5,秘封ナイトメアダイアリー,75,悪夢金曜,純狐＆ヘカーティア・ラピスラズリ,,紺珠符「純粋と不純の弾幕」,FALSE,FALSE,FALSE
1935,th16.5,秘封ナイトメアダイアリー,76,悪夢金曜,伊吹 萃香＆純狐,,萃珠符「純粋な五里霧中」,FALSE,FALSE,FALSE
1936,th16.5,秘封ナイトメアダイアリー,77,悪夢金曜,藤原 妹紅＆ヘカーティア・ラピスラズリ,,永珠符「捨て身のリフレクション」,FALSE,FALSE,FALSE
1937,th16.5,秘封ナイトメアダイアリー,78,悪夢金曜,伊吹 萃香＆ヘカーティア・ラピスラズリ,,萃珠符「ミストレイ」,FALSE,FALSE,FALSE
1938,th16.5,秘封ナイトメアダイアリー,79,悪夢金曜,藤原 妹紅＆純狐,,永珠符「穢れ無き珠と穢れ多き霊」,FALSE,FALSE,FALSE
1939,th16.5,秘封ナイトメアダイアリー,80,悪夢土曜,八雲 紫＆摩多羅 隠岐奈,,「秘神結界」,FALSE,FALSE,FALSE
1940,th16.5,秘封ナイトメアダイアリー,81,悪夢土曜,博麗 霊夢＆霧雨 魔理沙,,「盗撮者調伏マスタースパーク」,FALSE,FALSE,FALSE
1941,th16.5,秘封ナイトメアダイアリー,82,悪夢土曜,博麗 霊夢＆摩多羅 隠岐奈,,「背後からの盗撮者調伏」,FALSE,FALSE,FALSE
1942,th16.5,秘封ナイトメアダイアリー,83,悪夢土曜,霧雨 魔理沙＆八雲 紫,,「弾幕結界を撃ち抜け！」,FALSE,FALSE,FALSE
1943,th16.5,秘封ナイトメアダイアリー,84,悪夢土曜,霧雨 魔理沙＆摩多羅 隠岐奈,,「卑怯者マスタースパーク」,FALSE,FALSE,FALSE
1944,th16.5,秘封ナイトメアダイアリー,85,悪夢土曜,博麗 霊夢＆八雲 紫,,「許可無く弾幕は撮影禁止です」,FALSE,FALSE,FALSE
1945,th16.5,秘封ナイトメアダイアリー,86,ナイトメアダイアリー,ドレミー・スイート,,「最後の日曜日に見る悪夢」,FALSE,FALSE,FALSE
1946,th16.5,秘封ナイトメアダイアリー,87,ナイトメアダイアリー,宇佐見 菫子,,紙符「ＥＳＰカード手裏剣」,FALSE,FALSE,FALSE
1947,th16.5,秘封ナイトメアダイアリー,88,ナイトメアダイアリー,宇佐見 菫子＆八雲 紫,,紙符「結界中のＥＳＰカード手裏剣」,FALSE,FALSE,FALSE
1948,th17,鬼形獣,1,1,戎瓔花,Easy,石符「ストーンウッズ」,FALSE,TRUE,FALSE
1949,th17,鬼形獣,2,1,戎瓔花,Normal,石符「ストーンウッズ」,FALSE,TRUE,FALSE
1950,th17,鬼形獣,3,1,戎瓔花,Hard,石符「ストーンコニファー」,FALSE,TRUE,FALSE
1951,th17,鬼形獣,4,1,戎瓔花,Lunatic,石符「ストーンコニファー」,FALSE,TRUE,FALSE
1952,th17,鬼形獣,5,1,戎瓔花,Easy,石符「チルドレンズリンボ」,FALSE,TRUE,FALSE
1953,th17,鬼形獣,6,1,戎瓔花,Normal,石符「チルドレンズリンボ」,FALSE,TRUE,FALSE
1954,th17,鬼形獣,7,1,戎瓔花,Hard,石符「アダルトチルドレンズリンボ」,FALSE,TRUE,FALSE
1955,th17,鬼形獣,8,1,戎瓔花,Lunatic,石符「アダルトチルドレンズリンボ」,FALSE,TRUE,FALSE
1956,th17,鬼形獣,9,2,牛崎潤美,Easy,石符「ストーンベイビー」,FALSE,TRUE,FALSE
1957,th17,鬼形獣,10,2,牛崎潤美,Normal,石符「ストーンベイビー」,FALSE,TRUE,FALSE
1958,th17,鬼形獣,11,2,牛崎潤美,Hard,石符「ヘビーストーンベイビー」,FALSE,TRUE,FALSE
1959,th17,鬼形獣,12,2,牛崎潤美,Lunatic,石符「ヘビーストーンベイビー」,FALSE,TRUE,FALSE
1960,th17,鬼形獣,13,2,牛崎潤美,Easy,溺符「三途の淪溺」,FALSE,TRUE,FALSE
1961,th17,鬼形獣,14,2,牛崎潤美,Normal,溺符「三途の淪溺」,FALSE,TRUE,FALSE
1962,th17,鬼形獣,15,2,牛崎潤美,Hard,溺符「三途の淪溺」,FALSE,TRUE,FALSE
1963,th17,鬼形獣,16,2,牛崎潤美,Lunatic,溺符「三途の淪溺」,FALSE,TRUE,FALSE
1964,th17,鬼形獣,17,2,牛崎潤美,Easy,鬼符「デーモンシージ」,FALSE,TRUE,FALSE
1965,th17,鬼形獣,18,2,牛崎潤美,Normal,鬼符「デーモンシージ」,FALSE,TRUE,FALSE
1966,th17,鬼形獣,19,2,牛崎潤美,Hard,鬼符「ハングリーデーモンシージ」,FALSE,TRUE,FALSE
1967,th17,鬼形獣,20,2,牛崎潤美,Lunatic,鬼符「ハングリーデーモンシージ」,FALSE,TRUE,FALSE
1968,th17,鬼形獣,21,3,庭渡久侘歌,Easy,水符「水配りの試練」,FALSE,TRUE,FALSE
1969,th17,鬼形獣,22,3,庭渡久侘歌,Normal,水符「水配りの試練」,FALSE,TRUE,FALSE
1970,th17,鬼形獣,23,3,庭渡久侘歌,Hard,水符「水配りの上級試煉」,FALSE,TRUE,FALSE
1971,th17,鬼形獣,24,3,庭渡久侘歌,Lunatic,水符「水配りの極級試煉」,FALSE,TRUE,FALSE
1972,th17,鬼形獣,25,3,庭渡久侘歌,Easy,光符「見渡しの試練」,FALSE,TRUE,FALSE
1973,th17,鬼形獣,26,3,庭渡久侘歌,Normal,光符「見渡しの試練」,FALSE,TRUE,FALSE
1974,th17,鬼形獣,27,3,庭渡久侘歌,Hard,光符「見渡しの上級試煉」,FALSE,TRUE,FALSE
1975,th17,鬼形獣,28,3,庭渡久侘歌,Lunatic,光符「見渡しの極級試煉」,FALSE,TRUE,FALSE
1976,th17,鬼形獣,29,3,庭渡久侘歌,Easy,鬼符「鬼渡の試練」,FALSE,TRUE,FALSE
1977,th17,鬼形獣,30,3,庭渡久侘歌,Normal,鬼符「鬼渡の試練」,FALSE,TRUE,FALSE
1978,th17,鬼形獣,31,3,庭渡久侘歌,Hard,鬼符「鬼渡の上級試煉」,FALSE,TRUE,FALSE
1979,th17,鬼形獣,32,3,庭渡久侘歌,Lunatic,鬼符「鬼渡の獄級試煉」,FALSE,TRUE,FALSE
1980,th17,鬼形獣,33,4,吉弔八千慧,Easy,亀符「亀甲地獄」,FALSE,TRUE,FALSE
1981,th17,鬼形獣,34,4,吉弔八千慧,Normal,亀符「亀甲地獄」,FALSE,TRUE,FALSE
1982,th17,鬼形獣,35,4,吉弔八千慧,Hard,亀符「亀甲地獄」,FALSE,TRUE,FALSE
1983,th17,鬼形獣,36,4,吉弔八千慧,Lunatic,亀符「亀甲地獄」,FALSE,TRUE,FALSE
1984,th17,鬼形獣,37,4,吉弔八千慧,Easy,鬼符「搦手の畜生」,FALSE,TRUE,FALSE
1985,th17,鬼形獣,38,4,吉弔八千慧,Normal,鬼符「搦手の畜生」,FALSE,TRUE,FALSE
1986,th17,鬼形獣,39,4,吉弔八千慧,Hard,鬼符「搦手の犬畜生」,FALSE,TRUE,FALSE
1987,th17,鬼形獣,40,4,吉弔八千慧,Lunatic,鬼符「搦手の鬼畜生」,FALSE,TRUE,FALSE
1988,th17,鬼形獣,41,4,吉弔八千慧,Easy,龍符「龍紋弾」,FALSE,TRUE,FALSE
1989,th17,鬼形獣,42,4,吉弔八千慧,Normal,龍符「龍紋弾」,FALSE,TRUE,FALSE
1990,th17,鬼形獣,43,4,吉弔八千慧,Hard,龍符「龍紋弾」,FALSE,TRUE,FALSE
1991,th17,鬼形獣,44,4,吉弔八千慧,Lunatic,龍符「龍紋弾」,FALSE,TRUE,FALSE
1992,th17,鬼形獣,45,5,杖刀偶磨弓,Easy,埴輪「弓兵埴輪」,FALSE,TRUE,FALSE
1993,th17,鬼形獣,46,5,杖刀偶磨弓,Normal,埴輪「弓兵埴輪」,FALSE,TRUE,FALSE
1994,th17,鬼形獣,47,5,杖刀偶磨弓,Hard,埴輪「熟練弓兵埴輪」,FALSE,TRUE,FALSE
1995,th17,鬼形獣,48,5,杖刀偶磨弓,Lunatic,埴輪「熟練弓兵埴輪」,FALSE,TRUE,FALSE
1996,th17,鬼形獣,49,5,杖刀偶磨弓,Easy,埴輪「剣士埴輪」,FALSE,TRUE,FALSE
1997,th17,鬼形獣,50,5,杖刀偶磨弓,Normal,埴輪「剣士埴輪」,FALSE,TRUE,FALSE
1998,th17,鬼形獣,51,5,杖刀偶磨弓,Hard,埴輪「熟練剣士埴輪」,FALSE,TRUE,FALSE
1999,th17,鬼形獣,52,5,杖刀偶磨弓,Lunatic,埴輪「熟練剣士埴輪」,FALSE,TRUE,FALSE
2000,th17,鬼形獣,53,5,杖刀偶磨弓,Easy,埴輪「騎馬兵埴輪」,FALSE,TRUE,FALSE
2001,th17,鬼形獣,54,5,杖刀偶磨弓,Normal,埴輪「騎馬兵埴輪」,FALSE,TRUE,FALSE
2002,th17,鬼形獣,55,5,杖刀偶磨弓,Hard,埴輪「熟練騎馬兵埴輪」,FALSE,TRUE,FALSE
2003,th17,鬼形獣,56,5,杖刀偶磨弓,Lunatic,埴輪「熟練騎馬兵埴輪」,FALSE,TRUE,FALSE
2004,th17,鬼形獣,57,5,杖刀偶磨弓,Easy,埴輪「がらんどうの無尽兵団」,FALSE,TRUE,FALSE
2005,th17,鬼形獣,58,5,杖刀偶磨弓,Normal,埴輪「がらんどうの無尽兵団」,FALSE,TRUE,FALSE
2006,th17,鬼形獣,59,5,杖刀偶磨弓,Hard,埴輪「不敗の無尽兵団」,FALSE,TRUE,FALSE
2007,th17,鬼形獣,60,5,杖刀偶磨弓,Lunatic,埴輪「不敗の無尽兵団」,FALSE,TRUE,FALSE
2008,th17,鬼形獣,61,6,埴安神袿姫,Easy,方形「方形造形術」,FALSE,TRUE,FALSE
2009,th17,鬼形獣,62,6,埴安神袿姫,Normal,方形「方形造形術」,FALSE,TRUE,FALSE
2010,th17,鬼形獣,63,6,埴安神袿姫,Hard,方形「スクエアクリーチャー」,FALSE,TRUE,FALSE
2011,th17,鬼形獣,64,6,埴安神袿姫,Lunatic,方形「スクエアクリーチャー」,FALSE,TRUE,FALSE
2012,th17,鬼形獣,65,6,埴安神袿姫,Easy,円形「真円造形術」,FALSE,TRUE,FALSE
2013,th17,鬼形獣,66,6,埴安神袿姫,Normal,円形「真円造形術」,FALSE,TRUE,FALSE
2014,th17,鬼形獣,67,6,埴安神袿姫,Hard,円形「サークルクリーチャー」,FALSE,TRUE,FALSE
2015,th17,鬼形獣,68,6,埴安神袿姫,Lunatic,円形「サークルクリーチャー」,FALSE,TRUE,FALSE
2016,th17,鬼形獣,69,6,埴安神袿姫,Easy,線形「線形造形術」,FALSE,TRUE,FALSE
2017,th17,鬼形獣,70,6,埴安神袿姫,Normal,線形「線形造形術」,FALSE,TRUE,FALSE
2018,th17,鬼形獣,71,6,埴安神袿姫,Hard,線形「リニアクリーチャー」,FALSE,TRUE,FALSE
2019,th17,鬼形獣,72,6,埴安神袿姫,Lunatic,線形「リニアクリーチャー」,FALSE,TRUE,FALSE
2020,th17,鬼形獣,73,6,埴安神袿姫,Easy,埴輪「偶像人馬造形術」,FALSE,TRUE,FALSE
2021,th17,鬼形獣,74,6,埴安神袿姫,Normal,埴輪「偶像人馬造形術」,FALSE,TRUE,FALSE
2022,th17,鬼形獣,75,6,埴安神袿姫,Hard,埴輪「アイドルクリーチャー」,FALSE,TRUE,FALSE
2023,th17,鬼形獣,76,6,埴安神袿姫,Lunatic,埴輪「アイドルクリーチャー」,FALSE,TRUE,FALSE
2024,th17,鬼形獣,77,6,埴安神袿姫,Easy,「鬼形造形術」,FALSE,TRUE,FALSE
2025,th17,鬼形獣,78,6,埴安神袿姫,Normal,「鬼形造形術」,FALSE,TRUE,FALSE
2026,th17,鬼形獣,79,6,埴安神袿姫,Hard,「鬼形造形術」,FALSE,TRUE,FALSE
2027,th17,鬼形獣,80,6,埴安神袿姫,Lunatic,「鬼形造形術」,FALSE,TRUE,FALSE
2028,th17,鬼形獣,81,6,埴安神袿姫,Easy,「ジオメトリッククリーチャー」,FALSE,TRUE,FALSE
2029,th17,鬼形獣,82,6,埴安神袿姫,Normal,「ジオメトリッククリーチャー」,FALSE,TRUE,FALSE
2030,th17,鬼形獣,83,6,埴安神袿姫,Hard,「ジオメトリッククリーチャー」,FALSE,TRUE,FALSE
2031,th17,鬼形獣,84,6,埴安神袿姫,Lunatic,「ジオメトリッククリーチャー」,FALSE,TRUE,FALSE
2032,th17,鬼形獣,85,6,埴安神袿姫,Easy,「イドラディアボルス」,FALSE,TRUE,FALSE
2033,th17,鬼形獣,86,6,埴安神袿姫,Normal,「イドラディアボルス」,FALSE,TRUE,FALSE
2034,th17,鬼形獣,87,6,埴安神袿姫,Hard,「イドラディアボルス」,FALSE,TRUE,FALSE
2035,th17,鬼形獣,88,6,埴安神袿姫,Lunatic,「イドラディアボルス」,FALSE,TRUE,FALSE
2036,th17,鬼形獣,89,Ex,庭渡久侘歌,Extra,血戦「血の分水嶺」,FALSE,TRUE,FALSE
2037,th17,鬼形獣,90,Ex,庭渡久侘歌,Extra,血戦「獄界視線」,FALSE,TRUE,FALSE
2038,th17,鬼形獣,91,Ex,庭渡久侘歌,Extra,血戦「全霊鬼渡り」,FALSE,TRUE,FALSE
2039,th17,鬼形獣,92,Ex,驪駒早鬼,Extra,勁疾技「スリリングショット」,FALSE,TRUE,FALSE
2040,th17,鬼形獣,93,Ex,驪駒早鬼,Extra,勁疾技「ライトニングネイ」,FALSE,TRUE,FALSE
2041,th17,鬼形獣,94,Ex,驪駒早鬼,Extra,勁疾技「デンスクラウド」,FALSE,TRUE,FALSE
2042,th17,鬼形獣,95,Ex,驪駒早鬼,Extra,勁疾技「ビーストエピデミシティ」,FALSE,TRUE,FALSE
2043,th17,鬼形獣,96,Ex,驪駒早鬼,Extra,勁疾技「トライアングルチェイス」,FALSE,TRUE,FALSE
2044,th17,鬼形獣,97,Ex,驪駒早鬼,Extra,勁疾技「ブラックペガサス流星弾」,FALSE,TRUE,FALSE
2045,th17,鬼形獣,98,Ex,驪駒早鬼,Extra,勁疾技「マッスルエクスプロージョン」,FALSE,TRUE,FALSE
2046,th17,鬼形獣,99,Ex,驪駒早鬼,Extra,「フォロミーアンアフライド」,FALSE,TRUE,FALSE
2047,th17,鬼形獣,100,Ex,驪駒早鬼,Extra,「鬼形のホイポロイ」,FALSE,TRUE,FALSE
2048,th17,鬼形獣,101,Ex,驪駒早鬼,Extra,「鬼畜生の所業」,TRUE,TRUE,FALSE
2049,th17,鬼形獣,102,Ex,驪駒早鬼,Extra,「kusattapan」,FALSE,TRUE,FALSE
2050,th18,虹龍洞,1,1,豪徳寺ミケ,Easy,招符「弾幕万来」,FALSE,TRUE,FALSE
2051,th18,虹龍洞,2,1,豪徳寺ミケ,Normal,招符「弾幕万来」,FALSE,TRUE,FALSE
2052,th18,虹龍洞,3,1,豪徳寺ミケ,Hard,招符「弾幕万来」,FALSE,TRUE,FALSE
2053,th18,虹龍洞,4,1,豪徳寺ミケ,Lunatic,招符「弾幕万来」,FALSE,TRUE,FALSE
2054,th18,虹龍洞,5,1,豪徳寺ミケ,Easy,招符「弾災招福」,FALSE,TRUE,FALSE
2055,th18,虹龍洞,6,1,豪徳寺ミケ,Normal,招符「弾災招福」,FALSE,TRUE,FALSE
2056,th18,虹龍洞,7,1,豪徳寺ミケ,Hard,招符「弾災招福」,FALSE,TRUE,FALSE
2057,th18,虹龍洞,8,1,豪徳寺ミケ,Lunatic,招符「弾災招福」,FALSE,TRUE,FALSE
2058,th18,虹龍洞,9,2,山城たかね,Easy,森符「木隠れの技術」,FALSE,TRUE,FALSE
2059,th18,虹龍洞,10,2,山城たかね,Normal,森符「木隠れの技術」,FALSE,TRUE,FALSE
2060,th18,虹龍洞,11,2,山城たかね,Hard,森符「極・木隠れの技術」,FALSE,TRUE,FALSE
2061,th18,虹龍洞,12,2,山城たかね,Lunatic,森符「真・木隠れの技術」,FALSE,TRUE,FALSE
2062,th18,虹龍洞,13,2,山城たかね,Easy,森符「最奥の森域」,FALSE,TRUE,FALSE
2063,th18,虹龍洞,14,2,山城たかね,Normal,森符「最奥の森域」,FALSE,TRUE,FALSE
2064,th18,虹龍洞,15,2,山城たかね,Hard,森符「極・最奥の森域」,FALSE,TRUE,FALSE
2065,th18,虹龍洞,16,2,山城たかね,Lunatic,森符「真・最奥の森域」,FALSE,TRUE,FALSE
2066,th18,虹龍洞,17,2,山城たかね,Easy,葉技「グリーンスパイラル」,FALSE,TRUE,FALSE
2067,th18,虹龍洞,18,2,山城たかね,Normal,葉技「グリーンスパイラル」,FALSE,TRUE,FALSE
2068,th18,虹龍洞,19,2,山城たかね,Hard,葉技「グリーンサイクロン」,FALSE,TRUE,FALSE
2069,th18,虹龍洞,20,2,山城たかね,Lunatic,葉技「グリーントルネード」,FALSE,TRUE,FALSE
2070,th18,虹龍洞,21,3,駒草山如,Easy,山符「動天の雲間草」,FALSE,TRUE,FALSE
2071,th18,虹龍洞,22,3,駒草山如,Normal,山符「動天の雲間草」,FALSE,TRUE,FALSE
2072,th18,虹龍洞,23,3,駒草山如,Hard,山怪「驚愕の雲間草」,FALSE,TRUE,FALSE
2073,th18,虹龍洞,24,3,駒草山如,Lunatic,山怪「驚愕の雲間草」,FALSE,TRUE,FALSE
2074,th18,虹龍洞,25,3,駒草山如,Easy,山符「妖光輝く薄雪草」,FALSE,TRUE,FALSE
2075,th18,虹龍洞,26,3,駒草山如,Normal,山符「妖光輝く薄雪草」,FALSE,TRUE,FALSE
2076,th18,虹龍洞,27,3,駒草山如,Hard,山怪「妖魔犇めく薄雪草」,FALSE,TRUE,FALSE
2077,th18,虹龍洞,28,3,駒草山如,Lunatic,山怪「妖魔犇めく薄雪草」,FALSE,TRUE,FALSE
2078,th18,虹龍洞,29,3,駒草山如,Easy,山花「殺戮の駒草」,FALSE,TRUE,FALSE
2079,th18,虹龍洞,30,3,駒草山如,Normal,山花「殺戮の駒草」,FALSE,TRUE,FALSE
2080,th18,虹龍洞,31,3,駒草山如,Hard,山花「殺戮の山の女王」,FALSE,TRUE,FALSE
2081,th18,虹龍洞,32,3,駒草山如,Lunatic,山花「殺戮の山の女王」,FALSE,TRUE,FALSE
2082,th18,虹龍洞,33,4,玉造魅須丸,Easy,玉符「虹龍陰陽玉」,FALSE,TRUE,FALSE
2083,th18,虹龍洞,34,4,玉造魅須丸,Normal,玉符「虹龍陰陽玉」,FALSE,TRUE,FALSE
2084,th18,虹龍洞,35,4,玉造魅須丸,Hard,玉符「虹龍陰陽玉」,FALSE,TRUE,FALSE
2085,th18,虹龍洞,36,4,玉造魅須丸,Lunatic,玉符「陰陽神玉」,FALSE,TRUE,FALSE
2086,th18,虹龍洞,37,4,玉造魅須丸,Easy,玉将「クイーンオブインヤンスフィア」,FALSE,TRUE,FALSE
2087,th18,虹龍洞,38,4,玉造魅須丸,Normal,玉将「クイーンオブインヤンスフィア」,FALSE,TRUE,FALSE
2088,th18,虹龍洞,39,4,玉造魅須丸,Hard,女王珠「虹の扉の向こうに」,FALSE,TRUE,FALSE
2089,th18,虹龍洞,40,4,玉造魅須丸,Lunatic,女王珠「虹の扉の向こうに」,FALSE,TRUE,FALSE
2090,th18,虹龍洞,41,4,玉造魅須丸,Easy,「陰陽サフォケイション」,FALSE,TRUE,FALSE
2091,th18,虹龍洞,42,4,玉造魅須丸,Normal,「陰陽サフォケイション」,FALSE,TRUE,FALSE
2092,th18,虹龍洞,43,4,玉造魅須丸,Hard,「陰陽サフォケイション」,FALSE,TRUE,FALSE
2093,th18,虹龍洞,44,4,玉造魅須丸,Lunatic,「陰陽サフォケイション」,FALSE,TRUE,FALSE
2094,th18,虹龍洞,45,5,飯綱丸龍,Easy,禍星「星火燎原の舞」,FALSE,TRUE,FALSE
2095,th18,虹龍洞,46,5,飯綱丸龍,Normal,禍星「星火燎原の舞」,FALSE,TRUE,FALSE
2096,th18,虹龍洞,47,5,飯綱丸龍,Hard,禍星「星火燎原乱舞」,FALSE,TRUE,FALSE
2097,th18,虹龍洞,48,5,飯綱丸龍,Lunatic,禍星「星火燎原乱舞」,FALSE,TRUE,FALSE
2098,th18,虹龍洞,49,5,飯綱丸龍,Easy,星風「虹彩陸離の舞」,FALSE,TRUE,FALSE
2099,th18,虹龍洞,50,5,飯綱丸龍,Normal,星風「虹彩陸離の舞」,FALSE,TRUE,FALSE
2100,th18,虹龍洞,51,5,飯綱丸龍,Hard,星風「虹彩陸離乱舞」,FALSE,TRUE,FALSE
2101,th18,虹龍洞,52,5,飯綱丸龍,Lunatic,星風「虹彩陸離乱舞」,FALSE,TRUE,FALSE
2102,th18,虹龍洞,53,5,飯綱丸龍,Easy,光馬「天馬行空の舞」,FALSE,TRUE,FALSE
2103,th18,虹龍洞,54,5,飯綱丸龍,Normal,光馬「天馬行空の舞」,FALSE,TRUE,FALSE
2104,th18,虹龍洞,55,5,飯綱丸龍,Hard,光馬「天馬行空乱舞」,FALSE,TRUE,FALSE
2105,th18,虹龍洞,56,5,飯綱丸龍,Lunatic,光馬「天馬行空乱舞」,FALSE,TRUE,FALSE
2106,th18,虹龍洞,57,5,飯綱丸龍,Easy,虹光「光風霽月」,FALSE,TRUE,FALSE
2107,th18,虹龍洞,58,5,飯綱丸龍,Normal,虹光「光風霽月」,FALSE,TRUE,FALSE
2108,th18,虹龍洞,59,5,飯綱丸龍,Hard,虹光「光風霽月」,FALSE,TRUE,FALSE
2109,th18,虹龍洞,60,5,飯綱丸龍,Lunatic,虹光「光風霽月」,FALSE,TRUE,FALSE
2110,th18,虹龍洞,61,6,天弓千亦,Easy,「無主への供物」,FALSE,TRUE,FALSE
2111,th18,虹龍洞,62,6,天弓千亦,Normal,「無主への供物」,FALSE,TRUE,FALSE
2112,th18,虹龍洞,63,6,天弓千亦,Hard,「無主への供物」,FALSE,TRUE,FALSE
2113,th18,虹龍洞,64,6,天弓千亦,Lunatic,「無主への供物」,FALSE,TRUE,FALSE
2114,th18,虹龍洞,65,6,天弓千亦,Easy,「弾幕狂蒐家の妄執」,FALSE,TRUE,FALSE
2115,th18,虹龍洞,66,6,天弓千亦,Normal,「弾幕狂蒐家の妄執」,FALSE,TRUE,FALSE
2116,th18,虹龍洞,67,6,天弓千亦,Hard,「弾幕狂蒐家の妄執」,FALSE,TRUE,FALSE
2117,th18,虹龍洞,68,6,天弓千亦,Lunatic,「弾幕狂蒐家の妄執」,FALSE,TRUE,FALSE
2118,th18,虹龍洞,69,6,天弓千亦,Easy,「バレットマーケット」,FALSE,TRUE,FALSE
2119,th18,虹龍洞,70,6,天弓千亦,Normal,「バレットマーケット」,FALSE,TRUE,FALSE
2120,th18,虹龍洞,71,6,天弓千亦,Hard,「密度の高いバレットマーケット」,FALSE,TRUE,FALSE
2121,th18,虹龍洞,72,6,天弓千亦,Lunatic,「弾幕自由市場」,FALSE,TRUE,FALSE
2122,th18,虹龍洞,73,6,天弓千亦,Easy,「虹人環」,TRUE,TRUE,FALSE
2123,th18,虹龍洞,74,6,天弓千亦,Normal,「虹人環」,TRUE,TRUE,FALSE
2124,th18,虹龍洞,75,6,天弓千亦,Hard,「虹人環」,TRUE,TRUE,FALSE
2125,th18,虹龍洞,76,6,天弓千亦,Lunatic,「虹人環」,TRUE,TRUE,FALSE
2126,th18,虹龍洞,77,6,天弓千亦,Easy,「バレットドミニオン」,FALSE,TRUE,FALSE
2127,th18,虹龍洞,78,6,天弓千亦,Normal,「バレットドミニオン」,FALSE,TRUE,FALSE
2128,th18,虹龍洞,79,6,天弓千亦,Hard,「暴虐のバレットドミニオン」,FALSE,TRUE,FALSE
2129,th18,虹龍洞,80,6,天弓千亦,Lunatic,「無道のバレットドミニオン」,FALSE,TRUE,FALSE
2130,th18,虹龍洞,81,6,天弓千亦,Easy,「弾幕のアジール」,FALSE,TRUE,FALSE
2131,th18,虹龍洞,82,6,天弓千亦,Normal,「弾幕のアジール」,FALSE,TRUE,FALSE
2132,th18,虹龍洞,83,6,天弓千亦,Hard,「弾幕のアジール」,FALSE,TRUE,FALSE
2133,th18,虹龍洞,84,6,天弓千亦,Lunatic,「弾幕のアジール」,FALSE,TRUE,FALSE
2134,th18,虹龍洞,85,Ex,菅牧典,Extra,狐符「フォックスワインダー」,FALSE,TRUE,FALSE
2135,th18,虹龍洞,86,Ex,菅牧典,Extra,管狐「シリンダーフォックス」,FALSE,TRUE,FALSE
2136,th18,虹龍洞,87,Ex,菅牧典,Extra,星狐「天狐龍星の舞」,FALSE,TRUE,FALSE
2137,th18,虹龍洞,88,Ex,姫虫百々世,Extra,蠱毒「カニバリスティックインセクト」,FALSE,TRUE,FALSE
2138,th18,虹龍洞,89,Ex,姫虫百々世,Extra,蠱毒「ケイブスウォーマー」,FALSE,TRUE,FALSE
2139,th18,虹龍洞,90,Ex,姫虫百々世,Extra,蠱毒「スカイペンドラ」,FALSE,TRUE,FALSE
2140,th18,虹龍洞,91,Ex,姫虫百々世,Extra,採掘「積もり続けるマインダンプ」,FALSE,TRUE,FALSE
2141,th18,虹龍洞,92,Ex,姫虫百々世,Extra,採掘「マインブラスト」,FALSE,TRUE,FALSE
2142,th18,虹龍洞,93,Ex,姫虫百々世,Extra,採掘「妖怪達のシールドメゾット」,FALSE,TRUE,FALSE
2143,th18,虹龍洞,94,Ex,姫虫百々世,Extra,大蜈蚣「スネークイーター」,FALSE,TRUE,FALSE
2144,th18,虹龍洞,95,Ex,姫虫百々世,Extra,大蜈蚣「ドラゴンイーター」,FALSE,TRUE,FALSE
2145,th18,虹龍洞,96,Ex,姫虫百々世,Extra,「蠱毒のグルメ」,TRUE,TRUE,FALSE
2146,th18,虹龍洞,97,Ex,姫虫百々世,Extra,「蟲姫さまの輝かしく落ち着かない毎日」,FALSE,TRUE,FALSE
2147,th20,錦上京,1,1,塵塚ウバメ,Easy,塵符「コズミックダスト」,FALSE,TRUE,FALSE
2148,th20,錦上京,2,1,塵塚ウバメ,Normal,塵符「コズミックダスト」,FALSE,TRUE,FALSE
2149,th20,錦上京,3,1,塵塚ウバメ,Hard,塵符「宇宙塵」,FALSE,TRUE,FALSE
2150,th20,錦上京,4,1,塵塚ウバメ,Lunatic,塵符「宇宙塵」,FALSE,TRUE,FALSE
2151,th20,錦上京,5,1,塵塚ウバメ,Easy,塵符「唐櫃返し」,FALSE,TRUE,FALSE
2152,th20,錦上京,6,1,塵塚ウバメ,Normal,塵符「唐櫃返し」,FALSE,TRUE,FALSE
2153,th20,錦上京,7,1,塵塚ウバメ,Hard,塵符「唐櫃大返し」,FALSE,TRUE,FALSE
2154,th20,錦上京,8,1,塵塚ウバメ,Lunatic,塵符「唐櫃大返し」,FALSE,TRUE,FALSE
2155,th20,錦上京,9,1,塵塚ウバメ,Easy,塵符「塵のすみか」,FALSE,TRUE,FALSE
2156,th20,錦上京,10,1,塵塚ウバメ,Normal,塵符「塵のすみか」,FALSE,TRUE,FALSE
2157,th20,錦上京,11,1,塵塚ウバメ,Hard,塵符「塵のすみか」,FALSE,TRUE,FALSE
2158,th20,錦上京,12,1,塵塚ウバメ,Lunatic,塵符「塵のすみか」,FALSE,TRUE,FALSE
2159,th20,錦上京,13,2,封獣チミ,Easy,魅符「まつろわぬ沢の気」,FALSE,TRUE,FALSE
2160,th20,錦上京,14,2,封獣チミ,Normal,魅符「まつろわぬ沢の気」,FALSE,TRUE,FALSE
2161,th20,錦上京,15,2,封獣チミ,Hard,魅符「荒くれる沢の気」,FALSE,TRUE,FALSE
2162,th20,錦上京,16,2,封獣チミ,Lunatic,魅符「荒くれる沢の気」,FALSE,TRUE,FALSE
2163,th20,錦上京,17,2,封獣チミ,Easy,魅符「うなされる森の気」,FALSE,TRUE,FALSE
2164,th20,錦上京,18,2,封獣チミ,Normal,魅符「うなされる森の気」,FALSE,TRUE,FALSE
2165,th20,錦上京,19,2,封獣チミ,Hard,魅符「息苦しい森の気」,FALSE,TRUE,FALSE
2166,th20,錦上京,20,2,封獣チミ,Lunatic,魅符「息苦しい森の気」,FALSE,TRUE,FALSE
2167,th20,錦上京,21,2,封獣チミ,Easy,魑符「荒ぶる山の気」,FALSE,TRUE,FALSE
2168,th20,錦上京,22,2,封獣チミ,Normal,魑符「荒ぶる山の気」,FALSE,TRUE,FALSE
2169,th20,錦上京,23,2,封獣チミ,Hard,魑符「怒れる山の気」,FALSE,TRUE,FALSE
2170,th20,錦上京,24,2,封獣チミ,Lunatic,魑符「怒れる山の気」,FALSE,TRUE,FALSE
2171,th20,錦上京,25,3,道神馴子,Easy,謎符「ピラミダルラビリンス」,FALSE,TRUE,FALSE
2172,th20,錦上京,26,3,道神馴子,Normal,謎符「ピラミダルラビリンス」,FALSE,TRUE,FALSE
2173,th20,錦上京,27,3,道神馴子,Hard,謎符「ヘキサゴナルラビリンス」,FALSE,TRUE,FALSE
2174,th20,錦上京,28,3,道神馴子,Lunatic,謎符「ヘキサゴナルラビリンス」,FALSE,TRUE,FALSE
2175,th20,錦上京,29,3,道神馴子,Easy,塞符「ロジカルウォール」,FALSE,TRUE,FALSE
2176,th20,錦上京,30,3,道神馴子,Normal,塞符「ロジカルウォール」,FALSE,TRUE,FALSE
2177,th20,錦上京,31,3,道神馴子,Hard,塞符「ロジカルグレートウォール」,FALSE,TRUE,FALSE
2178,th20,錦上京,32,3,道神馴子,Lunatic,塞符「ロジカルグレートウォール」,FALSE,TRUE,FALSE
2179,th20,錦上京,33,3,道神馴子,Easy,謎符「エンシャントトラップ」,FALSE,TRUE,FALSE
2180,th20,錦上京,34,3,道神馴子,Normal,謎符「エンシャントトラップ」,FALSE,TRUE,FALSE
2181,th20,錦上京,35,3,道神馴子,Hard,謎符「エンシャントトラップ」,FALSE,TRUE,FALSE
2182,th20,錦上京,36,3,道神馴子,Lunatic,謎符「エンシャントトラップ」,FALSE,TRUE,FALSE
2183,th20,錦上京,37,3,道神馴子,Easy,金符「弾幕の金字塔」,FALSE,TRUE,FALSE
2184,th20,錦上京,38,3,道神馴子,Normal,金符「弾幕の金字塔」,FALSE,TRUE,FALSE
2185,th20,錦上京,39,3,道神馴子,Hard,金符「弾幕の金字塔」,FALSE,TRUE,FALSE
2186,th20,錦上京,40,3,道神馴子,Lunatic,金符「弾幕の金字塔」,FALSE,TRUE,FALSE
2187,th20,錦上京,41,4,ユイマン・浅間,Easy,虚符「ストリーミングドール」,FALSE,TRUE,FALSE
2188,th20,錦上京,42,4,ユイマン・浅間,Normal,虚符「ストリーミングドール」,FALSE,TRUE,FALSE
2189,th20,錦上京,43,4,ユイマン・浅間,Hard,虚符「ストリーミングマリオネット」,FALSE,TRUE,FALSE
2190,th20,錦上京,44,4,ユイマン・浅間,Lunatic,虚符「ストリーミングマリオネット」,FALSE,TRUE,FALSE
2191,th20,錦上京,45,4,ユイマン・浅間,Easy,群符「ラブルデータ」,FALSE,TRUE,FALSE
2192,th20,錦上京,46,4,ユイマン・浅間,Normal,群符「ラブルデータ」,FALSE,TRUE,FALSE
2193,th20,錦上京,47,4,ユイマン・浅間,Hard,群符「ラブルビッグデータ」,FALSE,TRUE,FALSE
2194,th20,錦上京,48,4,ユイマン・浅間,Lunatic,群符「ラブルビッグデータ」,FALSE,TRUE,FALSE
2195,th20,錦上京,49,4,ユイマン・浅間,Easy,「シカを射るだけの美しい記憶」,FALSE,TRUE,FALSE
2196,th20,錦上京,50,4,ユイマン・浅間,Normal,「シカを射るだけの美しい記憶」,FALSE,TRUE,FALSE
2197,th20,錦上京,51,4,ユイマン・浅間,Hard,「シカを射るだけの美しい記憶」,FALSE,TRUE,FALSE
2198,th20,錦上京,52,4,ユイマン・浅間,Lunatic,「シカを射るだけの美しい記憶」,FALSE,TRUE,FALSE
2199,th20,錦上京,53,4,ユイマン・浅間,Easy,虚構「ディスコミュニケーション」,FALSE,TRUE,FALSE
2200,th20,錦上京,54,4,ユイマン・浅間,Normal,虚構「ディスコミュニケーション」,FALSE,TRUE,FALSE
2201,th20,錦上京,55,4,ユイマン・浅間,Hard,虚構「ディスコミュニケーション」,FALSE,TRUE,FALSE
2202,th20,錦上京,56,4,ユイマン・浅間,Lunatic,虚構「ディスコミュニケーション」,FALSE,TRUE,FALSE
2203,th20,錦上京,57,5,綿月豊姫,Easy,宝珠「潮盈珠」,FALSE,TRUE,FALSE
2204,th20,錦上京,58,5,綿月豊姫,Normal,宝珠「潮盈珠」,FALSE,TRUE,FALSE
2205,th20,錦上京,59,5,綿月豊姫,Hard,宝珠「潮盈珠」,FALSE,TRUE,FALSE
2206,th20,錦上京,60,5,綿月豊姫,Lunatic,宝珠「潮盈珠」,FALSE,TRUE,FALSE
2207,th20,錦上京,61,5,綿月豊姫,Easy,災禍「山津波」,FALSE,TRUE,FALSE
2208,th20,錦上京,62,5,綿月豊姫,Normal,災禍「山津波」,FALSE,TRUE,FALSE
2209,th20,錦上京,63,5,綿月豊姫,Hard,災禍「長い山津波」,FALSE,TRUE,FALSE
2210,th20,錦上京,64,5,綿月豊姫,Lunatic,災禍「終わらない山津波」,FALSE,TRUE,FALSE
2211,th20,錦上京,65,5,綿月豊姫,Easy,宝珠「潮乾珠」,FALSE,TRUE,FALSE
2212,th20,錦上京,66,5,綿月豊姫,Normal,宝珠「潮乾珠」,FALSE,TRUE,FALSE
2213,th20,錦上京,67,5,綿月豊姫,Hard,宝珠「潮乾珠」,FALSE,TRUE,FALSE
2214,th20,錦上京,68,5,綿月豊姫,Lunatic,宝珠「潮乾珠」,FALSE,TRUE,FALSE
2215,th20,錦上京,69,5,綿月豊姫,Easy,「ムーンドラゴン」,FALSE,TRUE,FALSE
2216,th20,錦上京,70,5,綿月豊姫,Normal,「ムーンドラゴン」,FALSE,TRUE,FALSE
2217,th20,錦上京,71,5,綿月豊姫,Hard,「ムーンドラゴン」,FALSE,TRUE,FALSE
2218,th20,錦上京,72,5,綿月豊姫,Lunatic,「ムーンドラゴン」,FALSE,TRUE,FALSE
2219,th20,錦上京,73,6,磐永阿梨夜,Easy,石神「巌となるさざれ石」,FALSE,TRUE,FALSE
2220,th20,錦上京,74,6,磐永阿梨夜,Normal,石神「巌となるさざれ石」,FALSE,TRUE,FALSE
2221,th20,錦上京,75,6,磐永阿梨夜,Hard,石神「巌となるさざれ石」,FALSE,TRUE,FALSE
2222,th20,錦上京,76,6,磐永阿梨夜,Lunatic,石神「巌となるさざれ石」,FALSE,TRUE,FALSE
2223,th20,錦上京,77,6,磐永阿梨夜,Easy,死符「永遠の冬」,FALSE,TRUE,FALSE
2224,th20,錦上京,78,6,磐永阿梨夜,Normal,死符「永遠の冬」,FALSE,TRUE,FALSE
2225,th20,錦上京,79,6,磐永阿梨夜,Hard,死符「恒久の冬」,FALSE,TRUE,FALSE
2226,th20,錦上京,80,6,磐永阿梨夜,Lunatic,死符「恒久の冬」,FALSE,TRUE,FALSE
2227,th20,錦上京,81,6,磐永阿梨夜,Easy,生符「混沌の冬」,FALSE,TRUE,FALSE
2228,th20,錦上京,82,6,磐永阿梨夜,Normal,生符「混沌の冬」,FALSE,TRUE,FALSE
2229,th20,錦上京,83,6,磐永阿梨夜,Hard,生符「混沌の冬」,FALSE,TRUE,FALSE
2230,th20,錦上京,84,6,磐永阿梨夜,Lunatic,生符「混沌の冬」,FALSE,TRUE,FALSE
2231,th20,錦上京,85,6,磐永阿梨夜,Easy,「弾幕の化石」,FALSE,TRUE,FALSE
2232,th20,錦上京,86,6,磐永阿梨夜,Normal,「弾幕の化石」,FALSE,TRUE,FALSE
2233,th20,錦上京,87,6,磐永阿梨夜,Hard,「弾幕の化石」,FALSE,TRUE,FALSE
2234,th20,錦上京,88,6,磐永阿梨夜,Lunatic,「弾幕の化石」,FALSE,TRUE,FALSE
2235,th20,錦上京,89,6,磐永阿梨夜,Easy,地符「幻想のリリクウィー」,FALSE,TRUE,FALSE
2236,th20,錦上京,90,6,磐永阿梨夜,Normal,地符「幻想のリリクウィー」,FALSE,TRUE,FALSE
2237,th20,錦上京,91,6,磐永阿梨夜,Hard,地符「幻想のリリクウィー」,FALSE,TRUE,FALSE
2238,th20,錦上京,92,6,磐永阿梨夜,Lunatic,地符「幻想のリリクウィー」,FALSE,TRUE,FALSE
2239,th20,錦上京,93,6,磐永阿梨夜,Easy,月符「錦の上のイマジナリー」,FALSE,TRUE,FALSE
2240,th20,錦上京,94,6,磐永阿梨夜,Normal,月符「錦の上のイマジナリー」,FALSE,TRUE,FALSE
2241,th20,錦上京,95,6,磐永阿梨夜,Hard,月符「錦の上のイマジナリー」,FALSE,TRUE,FALSE
2242,th20,錦上京,96,6,磐永阿梨夜,Lunatic,月符「錦の上のイマジナリー」,FALSE,TRUE,FALSE
2243,th20,錦上京,97,6,磐永阿梨夜,Easy,「ストーンゴッデス」,FALSE,TRUE,FALSE
2244,th20,錦上京,98,6,磐永阿梨夜,Normal,「ストーンゴッデス」,FALSE,TRUE,FALSE
2245,th20,錦上京,99,6,磐永阿梨夜,Hard,「不生不滅の石の女神」,FALSE,TRUE,FALSE
2246,th20,錦上京,100,6,磐永阿梨夜,Lunatic,「不生不滅の石の女神」,FALSE,TRUE,FALSE
2247,th20,錦上京,101,Ex,ユイマン・浅間,Extra,鹿符「ディアジェノサイダー」,FALSE,TRUE,FALSE
2248,th20,錦上京,102,Ex,ユイマン・浅間,Extra,蛇姫「スネークランダー」,FALSE,TRUE,FALSE
2249,th20,錦上京,103,Ex,ユイマン・浅間,Extra,「ゾルタクスコミュニケーション」,FALSE,TRUE,FALSE
2250,th20,錦上京,104,Ex,渡里ニナ,Extra,真実「テトラモノアイ」,FALSE,TRUE,FALSE
2251,th20,錦上京,105,Ex,渡里ニナ,Extra,真実「オールドイルミナティ」,FALSE,TRUE,FALSE
2252,th20,錦上京,106,Ex,渡里ニナ,Extra,真実「ケムトレイルクラウド」,FALSE,TRUE,FALSE
2253,th20,錦上京,107,Ex,渡里ニナ,Extra,真実「レプティリアンインテリジェンス」,FALSE,TRUE,FALSE
2254,th20,錦上京,108,Ex,渡里ニナ,Extra,真実「フラットアーサー」,FALSE,TRUE,FALSE
2255,th20,錦上京,109,Ex,渡里ニナ,Extra,真実「アーティフィシャルディザスター」,FALSE,TRUE,FALSE
2256,th20,錦上京,110,Ex,渡里ニナ,Extra,真実「ニューワールドオーダー」,FALSE,TRUE,FALSE
2257,th20,錦上京,111,Ex,渡里ニナ,Extra,真実「タルタリアンラプソディ」,FALSE,TRUE,FALSE
2258,th20,錦上京,112,Ex,渡里ニナ,Extra,「チョコレートリバー」,TRUE,TRUE,FALSE
2259,th20,錦上京,113,Ex,渡里ニナ,Extra,「アンゴルモアの大王」,FALSE,TRUE,FALSE
